markdown_id,sku_id,store_id,date,markdown_pct,reason
MKD-00001,SKU-00019,STR-04,2025-09-18,35,Damaged stock
MKD-00002,SKU-00008,STR-01,2025-09-16,35,Clearance
MKD-00003,SKU-00008,STR-02,2026-02-03,25,Clearance
MKD-00004,SKU-00015,STR-02,2026-04-08,15,Clearance
MKD-00005,SKU-00004,STR-04,2025-12-19,35,Season-end
MKD-00006,SKU-00004,STR-02,2026-02-16,35,Clearance
MKD-00007,SKU-00023,STR-01,2026-05-30,50,Season-end
MKD-00008,SKU-00023,STR-07,2025-07-14,35,Season-end
MKD-00009,SKU-00018,STR-04,2025-12-27,25,Season-end
