return_id,date,store_id,sku_id,quantity,reason
RET-000001,2026-05-03,STR-06,SKU-00017,2,Near expiry
RET-000002,2026-05-31,STR-05,SKU-00021,1,Damaged in transit
RET-000003,2025-08-11,STR-07,SKU-00020,2,Customer change of mind
RET-000004,2025-08-23,STR-06,SKU-00003,2,Quality issue
RET-000005,2025-08-01,STR-05,SKU-00019,2,Incorrect item
RET-000006,2026-08-06,STR-01,SKU-00001,1,Near expiry
RET-000007,2026-06-09,STR-04,SKU-00006,2,Near expiry
RET-000008,2025-12-24,STR-03,SKU-00009,1,Customer change of mind
RET-000009,2026-02-11,STR-06,SKU-00002,1,Incorrect item
RET-000010,2026-03-02,STR-08,SKU-00013,2,Damaged in transit
RET-000011,2026-07-26,STR-07,SKU-00020,1,Damaged in transit
RET-000012,2025-09-21,STR-03,SKU-00001,1,Quality issue
RET-000013,2025-11-29,STR-06,SKU-00021,2,Customer change of mind
RET-000014,2026-01-18,STR-01,SKU-00003,1,Damaged in transit
RET-000015,2026-04-26,STR-04,SKU-00022,2,Incorrect item
RET-000016,2025-10-31,STR-06,SKU-00018,1,Damaged in transit
RET-000017,2025-11-25,STR-01,SKU-00018,2,Incorrect item
RET-000018,2025-07-17,STR-06,SKU-00010,2,Damaged in transit
RET-000019,2026-07-18,STR-02,SKU-00009,1,Damaged in transit
RET-000020,2026-07-03,STR-04,SKU-00004,2,Incorrect item
RET-000021,2026-02-08,STR-04,SKU-00006,2,Quality issue
RET-000022,2026-08-16,STR-01,SKU-00009,1,Incorrect item
RET-000023,2026-07-28,STR-04,SKU-00016,2,Near expiry
RET-000024,2026-02-06,STR-04,SKU-00017,1,Incorrect item
RET-000025,2026-06-12,STR-03,SKU-00010,2,Near expiry
RET-000026,2025-08-14,STR-03,SKU-00011,1,Incorrect item
RET-000027,2025-12-20,STR-05,SKU-00016,1,Quality issue
RET-000028,2025-08-02,STR-02,SKU-00016,1,Customer change of mind
RET-000029,2026-07-29,STR-01,SKU-00004,2,Near expiry
RET-000030,2025-11-17,STR-02,SKU-00002,1,Near expiry
RET-000031,2026-05-19,STR-05,SKU-00003,1,Customer change of mind
RET-000032,2025-12-29,STR-03,SKU-00016,2,Customer change of mind
RET-000033,2026-01-28,STR-03,SKU-00019,1,Quality issue
RET-000034,2026-01-23,STR-05,SKU-00005,1,Damaged in transit
RET-000035,2025-12-28,STR-01,SKU-00020,2,Near expiry
RET-000036,2026-04-10,STR-02,SKU-00013,1,Customer change of mind
RET-000037,2025-08-12,STR-08,SKU-00005,1,Damaged in transit
RET-000038,2025-12-24,STR-02,SKU-00014,2,Incorrect item
RET-000039,2026-05-13,STR-07,SKU-00003,2,Customer change of mind
RET-000040,2025-08-11,STR-01,SKU-00001,1,Near expiry
RET-000041,2026-06-22,STR-04,SKU-00014,2,Near expiry
RET-000042,2026-05-28,STR-02,SKU-00008,1,Quality issue
RET-000043,2025-09-30,STR-06,SKU-00018,2,Quality issue
RET-000044,2026-04-16,STR-05,SKU-00006,2,Incorrect item
RET-000045,2025-08-10,STR-08,SKU-00023,1,Customer change of mind
RET-000046,2026-05-09,STR-07,SKU-00004,2,Incorrect item
RET-000047,2026-05-05,STR-03,SKU-00010,2,Incorrect item
RET-000048,2026-04-28,STR-08,SKU-00005,1,Damaged in transit
RET-000049,2026-03-13,STR-08,SKU-00014,1,Incorrect item
RET-000050,2026-03-28,STR-05,SKU-00008,2,Near expiry
RET-000051,2026-06-30,STR-05,SKU-00017,1,Incorrect item
RET-000052,2026-05-28,STR-07,SKU-00018,2,Customer change of mind
RET-000053,2025-11-07,STR-04,SKU-00015,2,Damaged in transit
RET-000054,2026-03-11,STR-05,SKU-00014,2,Quality issue
RET-000055,2025-07-02,STR-05,SKU-00010,2,Damaged in transit
RET-000056,2026-04-23,STR-07,SKU-00012,1,Quality issue
RET-000057,2026-05-11,STR-05,SKU-00002,2,Quality issue
RET-000058,2025-12-19,STR-05,SKU-00011,1,Quality issue
RET-000059,2026-02-04,STR-03,SKU-00009,2,Near expiry
RET-000060,2025-09-04,STR-01,SKU-00018,2,Customer change of mind
RET-000061,2026-04-25,STR-05,SKU-00005,1,Customer change of mind
RET-000062,2025-11-13,STR-01,SKU-00020,2,Customer change of mind
RET-000063,2025-12-19,STR-03,SKU-00015,1,Damaged in transit
RET-000064,2025-07-20,STR-02,SKU-00011,1,Quality issue
RET-000065,2026-07-27,STR-02,SKU-00024,2,Quality issue
RET-000066,2026-02-17,STR-05,SKU-00004,2,Near expiry
RET-000067,2025-11-16,STR-06,SKU-00010,1,Damaged in transit
RET-000068,2025-08-21,STR-02,SKU-00010,1,Customer change of mind
RET-000069,2026-02-09,STR-04,SKU-00009,2,Damaged in transit
RET-000070,2026-07-16,STR-03,SKU-00019,1,Near expiry
RET-000071,2026-07-22,STR-05,SKU-00024,2,Quality issue
RET-000072,2026-04-17,STR-08,SKU-00015,2,Damaged in transit
RET-000073,2025-08-24,STR-07,SKU-00003,2,Incorrect item
RET-000074,2026-02-10,STR-03,SKU-00008,1,Quality issue
RET-000075,2025-10-24,STR-07,SKU-00020,2,Incorrect item
RET-000076,2025-12-06,STR-04,SKU-00001,1,Incorrect item
RET-000077,2025-12-31,STR-07,SKU-00018,2,Near expiry
RET-000078,2025-10-05,STR-01,SKU-00007,1,Near expiry
RET-000079,2026-06-02,STR-02,SKU-00014,1,Quality issue
RET-000080,2025-09-14,STR-02,SKU-00014,2,Customer change of mind
RET-000081,2026-04-14,STR-03,SKU-00017,1,Near expiry
RET-000082,2026-03-01,STR-04,SKU-00017,2,Incorrect item
RET-000083,2025-07-17,STR-04,SKU-00011,2,Incorrect item
RET-000084,2025-09-16,STR-03,SKU-00011,2,Quality issue
RET-000085,2025-07-18,STR-02,SKU-00006,2,Near expiry
RET-000086,2026-06-22,STR-01,SKU-00007,2,Near expiry
RET-000087,2025-07-13,STR-01,SKU-00010,2,Customer change of mind
RET-000088,2025-09-18,STR-05,SKU-00014,1,Quality issue
RET-000089,2025-09-24,STR-04,SKU-00018,2,Near expiry
RET-000090,2026-07-18,STR-07,SKU-00021,1,Near expiry
RET-000091,2026-06-11,STR-05,SKU-00024,1,Near expiry
RET-000092,2025-11-04,STR-03,SKU-00007,1,Customer change of mind
RET-000093,2025-09-06,STR-06,SKU-00020,1,Quality issue
RET-000094,2025-09-20,STR-01,SKU-00003,1,Damaged in transit
RET-000095,2025-10-20,STR-05,SKU-00013,2,Damaged in transit
RET-000096,2025-07-08,STR-04,SKU-00014,1,Customer change of mind
RET-000097,2026-05-08,STR-06,SKU-00022,2,Incorrect item
RET-000098,2025-07-27,STR-06,SKU-00018,2,Quality issue
RET-000099,2026-05-06,STR-05,SKU-00001,1,Damaged in transit
RET-000100,2025-10-10,STR-03,SKU-00004,2,Quality issue
RET-000101,2026-06-06,STR-02,SKU-00012,2,Damaged in transit
RET-000102,2026-02-06,STR-07,SKU-00017,2,Incorrect item
RET-000103,2025-11-07,STR-08,SKU-00018,1,Incorrect item
RET-000104,2026-01-21,STR-05,SKU-00020,2,Incorrect item
RET-000105,2026-04-27,STR-07,SKU-00018,2,Customer change of mind
RET-000106,2025-07-10,STR-04,SKU-00014,2,Quality issue
RET-000107,2026-07-27,STR-06,SKU-00003,2,Quality issue
RET-000108,2025-11-29,STR-06,SKU-00011,2,Quality issue
RET-000109,2025-08-11,STR-04,SKU-00020,1,Near expiry
RET-000110,2026-05-18,STR-05,SKU-00019,2,Damaged in transit
RET-000111,2025-07-15,STR-05,SKU-00004,2,Incorrect item
RET-000112,2025-09-08,STR-01,SKU-00004,2,Quality issue
RET-000113,2025-11-26,STR-01,SKU-00018,2,Quality issue
RET-000114,2026-05-21,STR-04,SKU-00005,1,Damaged in transit
RET-000115,2026-07-06,STR-06,SKU-00011,2,Customer change of mind
RET-000116,2026-07-26,STR-07,SKU-00007,2,Quality issue
RET-000117,2026-05-20,STR-08,SKU-00019,1,Incorrect item
RET-000118,2026-04-12,STR-08,SKU-00014,1,Near expiry
RET-000119,2026-02-07,STR-07,SKU-00004,1,Damaged in transit
RET-000120,2026-04-09,STR-01,SKU-00013,1,Customer change of mind
RET-000121,2025-07-12,STR-01,SKU-00001,2,Incorrect item
RET-000122,2025-11-10,STR-01,SKU-00002,2,Customer change of mind
RET-000123,2025-12-03,STR-06,SKU-00020,1,Damaged in transit
RET-000124,2026-06-16,STR-07,SKU-00023,1,Damaged in transit
RET-000125,2025-09-16,STR-07,SKU-00021,2,Near expiry
RET-000126,2025-07-22,STR-04,SKU-00001,1,Incorrect item
RET-000127,2026-03-02,STR-04,SKU-00011,2,Near expiry
RET-000128,2026-06-12,STR-07,SKU-00008,2,Incorrect item
RET-000129,2026-01-28,STR-05,SKU-00018,2,Damaged in transit
RET-000130,2026-05-30,STR-08,SKU-00023,2,Damaged in transit
RET-000131,2025-10-26,STR-05,SKU-00016,1,Customer change of mind
RET-000132,2026-04-08,STR-01,SKU-00002,1,Damaged in transit
RET-000133,2026-01-08,STR-02,SKU-00015,2,Near expiry
RET-000134,2025-07-18,STR-05,SKU-00021,2,Customer change of mind
RET-000135,2025-08-16,STR-03,SKU-00016,2,Near expiry
RET-000136,2026-07-05,STR-06,SKU-00001,2,Customer change of mind
RET-000137,2026-07-25,STR-01,SKU-00024,1,Customer change of mind
RET-000138,2026-08-13,STR-02,SKU-00022,2,Quality issue
RET-000139,2025-12-16,STR-01,SKU-00015,2,Near expiry
RET-000140,2025-10-28,STR-08,SKU-00017,1,Incorrect item
RET-000141,2026-01-11,STR-02,SKU-00018,1,Near expiry
RET-000142,2026-03-13,STR-06,SKU-00020,1,Damaged in transit
RET-000143,2026-03-13,STR-05,SKU-00016,1,Customer change of mind
RET-000144,2026-07-19,STR-01,SKU-00013,1,Quality issue
RET-000145,2025-11-04,STR-08,SKU-00015,1,Near expiry
RET-000146,2025-09-01,STR-03,SKU-00020,2,Near expiry
RET-000147,2025-12-03,STR-08,SKU-00004,1,Quality issue
RET-000148,2025-10-24,STR-07,SKU-00014,1,Customer change of mind
RET-000149,2026-05-28,STR-08,SKU-00018,1,Incorrect item
RET-000150,2025-11-22,STR-07,SKU-00003,1,Near expiry
RET-000151,2026-04-09,STR-05,SKU-00013,1,Damaged in transit
RET-000152,2026-05-16,STR-06,SKU-00021,1,Near expiry
RET-000153,2026-05-13,STR-05,SKU-00010,2,Damaged in transit
RET-000154,2025-09-03,STR-05,SKU-00004,1,Incorrect item
RET-000155,2026-06-22,STR-06,SKU-00004,2,Quality issue
RET-000156,2026-01-07,STR-03,SKU-00013,2,Quality issue
RET-000157,2025-09-05,STR-06,SKU-00005,2,Incorrect item
RET-000158,2026-06-21,STR-03,SKU-00010,1,Near expiry
RET-000159,2026-07-25,STR-03,SKU-00009,2,Incorrect item
RET-000160,2026-02-25,STR-01,SKU-00011,2,Damaged in transit
RET-000161,2025-08-16,STR-08,SKU-00009,2,Incorrect item
RET-000162,2026-01-12,STR-01,SKU-00022,1,Near expiry
RET-000163,2025-09-07,STR-04,SKU-00003,2,Quality issue
RET-000164,2026-08-01,STR-06,SKU-00001,1,Quality issue
RET-000165,2025-07-24,STR-05,SKU-00013,2,Quality issue
RET-000166,2026-03-02,STR-03,SKU-00019,2,Near expiry
RET-000167,2025-11-09,STR-04,SKU-00003,2,Damaged in transit
RET-000168,2026-07-18,STR-04,SKU-00018,2,Customer change of mind
RET-000169,2025-08-12,STR-06,SKU-00002,1,Near expiry
RET-000170,2026-02-01,STR-07,SKU-00020,2,Near expiry
RET-000171,2025-12-13,STR-06,SKU-00018,2,Customer change of mind
RET-000172,2026-01-24,STR-06,SKU-00018,1,Damaged in transit
RET-000173,2026-08-06,STR-08,SKU-00009,1,Damaged in transit
RET-000174,2025-10-18,STR-06,SKU-00004,1,Incorrect item
RET-000175,2025-09-22,STR-02,SKU-00007,1,Customer change of mind
RET-000176,2026-06-17,STR-03,SKU-00010,1,Quality issue
RET-000177,2026-02-06,STR-08,SKU-00015,2,Quality issue
RET-000178,2025-07-27,STR-03,SKU-00009,2,Near expiry
RET-000179,2026-04-21,STR-01,SKU-00015,1,Near expiry
RET-000180,2026-01-14,STR-02,SKU-00019,2,Damaged in transit
RET-000181,2026-05-19,STR-04,SKU-00017,2,Incorrect item
RET-000182,2026-08-01,STR-07,SKU-00023,2,Damaged in transit
RET-000183,2026-01-13,STR-05,SKU-00020,1,Incorrect item
RET-000184,2026-03-06,STR-08,SKU-00017,2,Customer change of mind
RET-000185,2025-07-25,STR-05,SKU-00018,2,Near expiry
RET-000186,2025-10-13,STR-04,SKU-00021,1,Near expiry
RET-000187,2025-12-14,STR-02,SKU-00013,1,Damaged in transit
RET-000188,2026-03-18,STR-04,SKU-00010,2,Incorrect item
RET-000189,2026-07-05,STR-05,SKU-00020,1,Quality issue
RET-000190,2026-06-13,STR-01,SKU-00002,1,Near expiry
RET-000191,2025-11-29,STR-01,SKU-00014,1,Incorrect item
RET-000192,2026-03-16,STR-07,SKU-00014,2,Incorrect item
RET-000193,2025-09-13,STR-07,SKU-00010,1,Damaged in transit
RET-000194,2026-04-05,STR-08,SKU-00004,1,Near expiry
RET-000195,2026-06-19,STR-06,SKU-00014,1,Quality issue
RET-000196,2025-09-04,STR-03,SKU-00013,1,Customer change of mind
RET-000197,2025-07-27,STR-08,SKU-00006,1,Incorrect item
RET-000198,2026-08-10,STR-05,SKU-00005,1,Near expiry
RET-000199,2026-03-15,STR-03,SKU-00019,1,Customer change of mind
RET-000200,2025-08-19,STR-08,SKU-00005,1,Incorrect item
RET-000201,2026-01-02,STR-06,SKU-00006,2,Quality issue
RET-000202,2026-07-10,STR-08,SKU-00019,1,Customer change of mind
RET-000203,2025-11-06,STR-04,SKU-00004,1,Customer change of mind
RET-000204,2026-02-16,STR-07,SKU-00022,1,Customer change of mind
RET-000205,2025-11-14,STR-04,SKU-00015,1,Incorrect item
RET-000206,2026-04-26,STR-04,SKU-00015,1,Damaged in transit
RET-000207,2025-09-24,STR-05,SKU-00015,1,Damaged in transit
RET-000208,2025-09-10,STR-07,SKU-00003,1,Incorrect item
RET-000209,2026-02-14,STR-08,SKU-00005,1,Incorrect item
RET-000210,2025-08-04,STR-05,SKU-00021,1,Quality issue
RET-000211,2026-04-03,STR-06,SKU-00021,2,Quality issue
RET-000212,2025-12-21,STR-05,SKU-00020,1,Near expiry
RET-000213,2025-12-20,STR-08,SKU-00002,1,Damaged in transit
RET-000214,2025-12-10,STR-07,SKU-00006,1,Incorrect item
RET-000215,2025-08-29,STR-05,SKU-00006,1,Damaged in transit
RET-000216,2025-10-12,STR-03,SKU-00011,1,Customer change of mind
RET-000217,2026-01-13,STR-04,SKU-00022,2,Customer change of mind
RET-000218,2026-02-05,STR-07,SKU-00002,2,Quality issue
RET-000219,2026-06-26,STR-05,SKU-00006,1,Incorrect item
RET-000220,2026-05-22,STR-08,SKU-00010,2,Damaged in transit
RET-000221,2025-10-09,STR-07,SKU-00002,1,Near expiry
RET-000222,2026-01-10,STR-06,SKU-00021,2,Quality issue
RET-000223,2025-09-26,STR-02,SKU-00008,2,Incorrect item
RET-000224,2026-06-06,STR-08,SKU-00001,1,Near expiry
RET-000225,2025-10-20,STR-06,SKU-00010,2,Quality issue
RET-000226,2026-05-25,STR-02,SKU-00012,2,Damaged in transit
RET-000227,2025-11-19,STR-07,SKU-00004,1,Customer change of mind
RET-000228,2026-08-07,STR-08,SKU-00012,1,Near expiry
RET-000229,2026-04-26,STR-04,SKU-00012,2,Incorrect item
RET-000230,2026-03-02,STR-03,SKU-00015,2,Damaged in transit
RET-000231,2026-04-04,STR-02,SKU-00007,2,Customer change of mind
RET-000232,2026-03-25,STR-04,SKU-00014,2,Damaged in transit
RET-000233,2026-03-15,STR-08,SKU-00017,2,Damaged in transit
RET-000234,2025-10-09,STR-02,SKU-00015,1,Customer change of mind
RET-000235,2025-10-29,STR-04,SKU-00004,1,Near expiry
RET-000236,2025-07-25,STR-05,SKU-00013,2,Near expiry
RET-000237,2025-10-11,STR-03,SKU-00019,2,Customer change of mind
RET-000238,2026-01-24,STR-05,SKU-00008,2,Near expiry
RET-000239,2025-12-24,STR-03,SKU-00007,1,Customer change of mind
RET-000240,2026-03-07,STR-08,SKU-00024,2,Incorrect item
RET-000241,2025-12-22,STR-01,SKU-00002,2,Near expiry
RET-000242,2025-08-05,STR-03,SKU-00005,2,Damaged in transit
RET-000243,2025-11-12,STR-07,SKU-00010,2,Near expiry
RET-000244,2025-11-07,STR-06,SKU-00017,1,Incorrect item
RET-000245,2026-01-30,STR-03,SKU-00023,2,Quality issue
RET-000246,2025-09-06,STR-05,SKU-00013,1,Customer change of mind
RET-000247,2025-12-21,STR-07,SKU-00007,1,Near expiry
RET-000248,2026-07-22,STR-04,SKU-00006,2,Customer change of mind
RET-000249,2026-06-24,STR-02,SKU-00016,2,Quality issue
RET-000250,2026-05-02,STR-05,SKU-00021,2,Customer change of mind
RET-000251,2026-06-11,STR-05,SKU-00016,1,Incorrect item
RET-000252,2026-06-20,STR-04,SKU-00013,2,Near expiry
RET-000253,2026-04-18,STR-08,SKU-00001,1,Incorrect item
RET-000254,2026-03-03,STR-05,SKU-00017,2,Incorrect item
RET-000255,2026-07-12,STR-06,SKU-00015,2,Incorrect item
RET-000256,2025-07-19,STR-05,SKU-00004,1,Near expiry
RET-000257,2026-07-20,STR-03,SKU-00004,2,Incorrect item
RET-000258,2026-05-21,STR-08,SKU-00021,2,Damaged in transit
RET-000259,2025-11-10,STR-02,SKU-00012,2,Quality issue
RET-000260,2026-07-06,STR-06,SKU-00015,1,Damaged in transit
RET-000261,2025-07-12,STR-04,SKU-00021,2,Near expiry
RET-000262,2026-03-23,STR-05,SKU-00014,1,Damaged in transit
RET-000263,2026-03-09,STR-01,SKU-00001,2,Customer change of mind
RET-000264,2026-07-10,STR-06,SKU-00024,2,Customer change of mind
RET-000265,2026-01-12,STR-07,SKU-00020,2,Damaged in transit
RET-000266,2026-04-13,STR-04,SKU-00014,1,Near expiry
RET-000267,2026-06-16,STR-06,SKU-00015,1,Quality issue
RET-000268,2025-12-05,STR-06,SKU-00006,2,Quality issue
RET-000269,2025-08-23,STR-02,SKU-00016,1,Customer change of mind
RET-000270,2026-01-08,STR-02,SKU-00019,2,Quality issue
RET-000271,2026-01-19,STR-02,SKU-00020,1,Damaged in transit
RET-000272,2025-10-10,STR-02,SKU-00018,1,Near expiry
RET-000273,2026-07-30,STR-06,SKU-00020,1,Quality issue
RET-000274,2026-01-26,STR-07,SKU-00016,2,Damaged in transit
RET-000275,2025-11-28,STR-01,SKU-00020,2,Near expiry
RET-000276,2026-01-28,STR-04,SKU-00007,2,Damaged in transit
RET-000277,2026-03-30,STR-08,SKU-00023,2,Near expiry
RET-000278,2026-03-30,STR-02,SKU-00008,1,Damaged in transit
RET-000279,2026-01-14,STR-06,SKU-00002,2,Incorrect item
RET-000280,2026-04-16,STR-06,SKU-00004,1,Quality issue
RET-000281,2025-08-15,STR-02,SKU-00020,1,Customer change of mind
RET-000282,2025-10-03,STR-02,SKU-00010,2,Damaged in transit
RET-000283,2026-01-21,STR-04,SKU-00017,2,Damaged in transit
RET-000284,2025-11-01,STR-05,SKU-00004,1,Damaged in transit
RET-000285,2026-03-28,STR-02,SKU-00019,1,Near expiry
RET-000286,2025-11-15,STR-05,SKU-00003,2,Damaged in transit
RET-000287,2025-07-11,STR-06,SKU-00005,2,Incorrect item
RET-000288,2025-11-13,STR-05,SKU-00019,1,Customer change of mind
RET-000289,2026-04-13,STR-01,SKU-00014,2,Quality issue
RET-000290,2025-08-28,STR-08,SKU-00023,1,Near expiry
RET-000291,2026-06-21,STR-03,SKU-00006,1,Customer change of mind
RET-000292,2026-04-05,STR-07,SKU-00002,1,Incorrect item
RET-000293,2025-10-09,STR-02,SKU-00008,1,Near expiry
RET-000294,2025-09-06,STR-01,SKU-00007,2,Near expiry
RET-000295,2025-08-04,STR-02,SKU-00019,2,Incorrect item
RET-000296,2025-12-02,STR-08,SKU-00010,2,Incorrect item
RET-000297,2026-03-18,STR-04,SKU-00012,1,Incorrect item
RET-000298,2026-03-26,STR-03,SKU-00010,1,Incorrect item
RET-000299,2026-03-12,STR-06,SKU-00003,1,Quality issue
RET-000300,2025-08-23,STR-08,SKU-00014,2,Damaged in transit
RET-000301,2025-08-16,STR-03,SKU-00021,1,Incorrect item
RET-000302,2025-10-02,STR-01,SKU-00020,2,Customer change of mind
RET-000303,2025-07-01,STR-04,SKU-00010,1,Near expiry
RET-000304,2025-09-25,STR-08,SKU-00001,2,Quality issue
RET-000305,2025-10-13,STR-01,SKU-00008,1,Incorrect item
RET-000306,2026-07-14,STR-04,SKU-00010,2,Incorrect item
RET-000307,2026-03-31,STR-08,SKU-00015,2,Quality issue
RET-000308,2026-04-05,STR-05,SKU-00018,1,Quality issue
RET-000309,2025-08-12,STR-04,SKU-00011,1,Damaged in transit
RET-000310,2026-05-18,STR-04,SKU-00016,1,Incorrect item
RET-000311,2026-06-02,STR-01,SKU-00010,2,Incorrect item
RET-000312,2026-02-21,STR-08,SKU-00006,1,Customer change of mind
RET-000313,2026-05-29,STR-01,SKU-00013,1,Damaged in transit
RET-000314,2026-08-04,STR-01,SKU-00008,1,Quality issue
RET-000315,2025-10-22,STR-05,SKU-00019,1,Incorrect item
RET-000316,2026-07-15,STR-06,SKU-00023,1,Incorrect item
RET-000317,2026-06-24,STR-04,SKU-00005,2,Customer change of mind
RET-000318,2026-02-24,STR-08,SKU-00014,2,Damaged in transit
RET-000319,2025-12-23,STR-06,SKU-00011,2,Incorrect item
RET-000320,2026-04-15,STR-04,SKU-00011,1,Quality issue
RET-000321,2026-03-27,STR-08,SKU-00021,1,Quality issue
RET-000322,2026-06-11,STR-05,SKU-00004,1,Near expiry
RET-000323,2026-04-08,STR-06,SKU-00002,2,Incorrect item
RET-000324,2025-11-11,STR-02,SKU-00015,1,Near expiry
RET-000325,2025-10-02,STR-04,SKU-00007,1,Incorrect item
RET-000326,2025-08-07,STR-03,SKU-00020,1,Near expiry
RET-000327,2026-06-17,STR-05,SKU-00002,2,Incorrect item
RET-000328,2025-10-11,STR-04,SKU-00009,1,Incorrect item
RET-000329,2026-01-09,STR-08,SKU-00013,1,Damaged in transit
RET-000330,2026-02-17,STR-01,SKU-00013,1,Quality issue
RET-000331,2025-11-14,STR-08,SKU-00020,1,Incorrect item
RET-000332,2025-08-08,STR-02,SKU-00020,2,Damaged in transit
RET-000333,2025-10-07,STR-01,SKU-00019,2,Customer change of mind
RET-000334,2025-08-21,STR-02,SKU-00018,2,Quality issue
RET-000335,2025-12-10,STR-02,SKU-00010,1,Customer change of mind
RET-000336,2025-07-14,STR-07,SKU-00014,1,Customer change of mind
RET-000337,2025-11-20,STR-06,SKU-00014,1,Damaged in transit
RET-000338,2026-03-13,STR-03,SKU-00015,1,Incorrect item
RET-000339,2026-04-04,STR-06,SKU-00003,2,Near expiry
RET-000340,2025-08-13,STR-05,SKU-00013,1,Incorrect item
RET-000341,2026-02-23,STR-03,SKU-00016,1,Quality issue
RET-000342,2025-07-19,STR-03,SKU-00021,1,Customer change of mind
RET-000343,2025-10-11,STR-01,SKU-00004,1,Incorrect item
RET-000344,2026-04-22,STR-04,SKU-00021,1,Near expiry
RET-000345,2026-05-22,STR-04,SKU-00020,2,Customer change of mind
RET-000346,2026-08-17,STR-03,SKU-00002,1,Quality issue
RET-000347,2025-11-20,STR-06,SKU-00004,2,Near expiry
RET-000348,2026-06-26,STR-03,SKU-00002,1,Quality issue
RET-000349,2025-12-29,STR-01,SKU-00009,1,Customer change of mind
RET-000350,2026-04-20,STR-02,SKU-00019,2,Quality issue
RET-000351,2025-09-20,STR-08,SKU-00019,2,Quality issue
RET-000352,2025-07-30,STR-06,SKU-00021,1,Quality issue
RET-000353,2025-09-22,STR-01,SKU-00015,2,Damaged in transit
RET-000354,2025-09-24,STR-02,SKU-00023,1,Damaged in transit
RET-000355,2025-07-09,STR-01,SKU-00002,1,Quality issue
RET-000356,2025-07-31,STR-01,SKU-00002,2,Quality issue
RET-000357,2026-05-21,STR-08,SKU-00004,1,Quality issue
RET-000358,2025-09-05,STR-01,SKU-00018,2,Damaged in transit
RET-000359,2026-07-07,STR-01,SKU-00014,2,Near expiry
RET-000360,2026-06-20,STR-08,SKU-00019,2,Near expiry
RET-000361,2025-12-22,STR-02,SKU-00012,1,Customer change of mind
RET-000362,2025-08-10,STR-07,SKU-00020,1,Near expiry
RET-000363,2025-07-28,STR-01,SKU-00021,1,Incorrect item
RET-000364,2026-03-14,STR-03,SKU-00019,1,Customer change of mind
RET-000365,2026-02-17,STR-04,SKU-00011,2,Damaged in transit
RET-000366,2026-03-06,STR-03,SKU-00004,2,Damaged in transit
RET-000367,2025-11-04,STR-05,SKU-00020,1,Near expiry
RET-000368,2025-10-02,STR-04,SKU-00003,1,Incorrect item
RET-000369,2025-10-24,STR-01,SKU-00022,2,Damaged in transit
RET-000370,2026-05-16,STR-04,SKU-00003,2,Incorrect item
RET-000371,2025-11-09,STR-07,SKU-00010,2,Quality issue
RET-000372,2025-08-13,STR-04,SKU-00010,2,Damaged in transit
RET-000373,2026-04-26,STR-06,SKU-00009,1,Near expiry
RET-000374,2025-12-27,STR-05,SKU-00004,2,Near expiry
RET-000375,2025-10-04,STR-02,SKU-00014,1,Incorrect item
RET-000376,2025-12-20,STR-03,SKU-00002,1,Customer change of mind
RET-000377,2026-07-29,STR-06,SKU-00022,1,Quality issue
RET-000378,2026-01-28,STR-01,SKU-00019,1,Customer change of mind
RET-000379,2025-09-06,STR-03,SKU-00002,1,Quality issue
RET-000380,2025-11-24,STR-03,SKU-00004,2,Incorrect item
RET-000381,2025-07-21,STR-01,SKU-00003,2,Damaged in transit
RET-000382,2026-05-03,STR-07,SKU-00013,2,Near expiry
RET-000383,2025-11-20,STR-08,SKU-00012,2,Quality issue
RET-000384,2025-10-11,STR-01,SKU-00024,1,Damaged in transit
RET-000385,2025-10-06,STR-06,SKU-00018,1,Quality issue
RET-000386,2025-11-04,STR-02,SKU-00015,2,Incorrect item
RET-000387,2026-08-01,STR-06,SKU-00017,1,Damaged in transit
RET-000388,2026-05-05,STR-04,SKU-00017,2,Damaged in transit
RET-000389,2025-12-26,STR-03,SKU-00008,2,Customer change of mind
RET-000390,2026-01-15,STR-02,SKU-00010,1,Incorrect item
RET-000391,2025-10-11,STR-07,SKU-00010,2,Incorrect item
RET-000392,2026-02-01,STR-06,SKU-00014,2,Incorrect item
RET-000393,2026-06-20,STR-04,SKU-00011,1,Customer change of mind
RET-000394,2025-12-20,STR-06,SKU-00022,2,Quality issue
RET-000395,2026-07-02,STR-04,SKU-00007,1,Near expiry
RET-000396,2026-02-11,STR-07,SKU-00012,1,Near expiry
RET-000397,2026-03-15,STR-02,SKU-00019,2,Near expiry
RET-000398,2025-07-26,STR-01,SKU-00009,2,Near expiry
RET-000399,2025-10-07,STR-06,SKU-00022,2,Damaged in transit
RET-000400,2026-07-26,STR-03,SKU-00010,1,Quality issue
RET-000401,2025-10-27,STR-08,SKU-00020,1,Damaged in transit
RET-000402,2026-06-04,STR-08,SKU-00005,1,Near expiry
RET-000403,2026-05-19,STR-02,SKU-00024,2,Incorrect item
RET-000404,2025-07-13,STR-08,SKU-00018,1,Near expiry
RET-000405,2026-05-24,STR-03,SKU-00009,1,Damaged in transit
RET-000406,2025-09-17,STR-06,SKU-00018,2,Customer change of mind
RET-000407,2026-07-27,STR-08,SKU-00002,2,Damaged in transit
RET-000408,2026-05-24,STR-02,SKU-00007,1,Incorrect item
RET-000409,2025-10-28,STR-05,SKU-00021,1,Incorrect item
RET-000410,2026-06-02,STR-03,SKU-00023,1,Incorrect item
RET-000411,2026-04-30,STR-02,SKU-00011,2,Quality issue
RET-000412,2025-09-14,STR-01,SKU-00009,1,Damaged in transit
RET-000413,2025-08-05,STR-02,SKU-00023,2,Quality issue
RET-000414,2025-11-01,STR-04,SKU-00022,2,Near expiry
RET-000415,2026-06-20,STR-06,SKU-00003,2,Near expiry
RET-000416,2026-05-18,STR-08,SKU-00014,2,Customer change of mind
RET-000417,2026-04-10,STR-01,SKU-00008,2,Incorrect item
RET-000418,2025-09-16,STR-08,SKU-00013,2,Incorrect item
RET-000419,2025-11-17,STR-05,SKU-00014,2,Incorrect item
RET-000420,2026-06-06,STR-03,SKU-00018,1,Customer change of mind
RET-000421,2025-07-26,STR-04,SKU-00001,1,Quality issue
RET-000422,2026-08-04,STR-07,SKU-00005,1,Quality issue
RET-000423,2025-12-24,STR-01,SKU-00022,2,Quality issue
RET-000424,2025-09-04,STR-06,SKU-00010,1,Near expiry
RET-000425,2026-07-20,STR-01,SKU-00008,2,Near expiry
RET-000426,2026-06-21,STR-03,SKU-00009,2,Quality issue
RET-000427,2025-11-19,STR-05,SKU-00017,2,Quality issue
RET-000428,2026-04-21,STR-08,SKU-00001,2,Customer change of mind
RET-000429,2026-02-09,STR-05,SKU-00024,2,Damaged in transit
RET-000430,2025-08-30,STR-01,SKU-00024,2,Quality issue
RET-000431,2026-05-29,STR-01,SKU-00007,1,Quality issue
RET-000432,2026-03-24,STR-01,SKU-00011,1,Damaged in transit
RET-000433,2026-05-17,STR-05,SKU-00011,2,Quality issue
RET-000434,2025-07-01,STR-05,SKU-00019,2,Near expiry
RET-000435,2025-12-12,STR-03,SKU-00005,2,Customer change of mind
RET-000436,2026-04-09,STR-05,SKU-00006,1,Near expiry
RET-000437,2026-05-26,STR-02,SKU-00010,2,Customer change of mind
RET-000438,2026-01-14,STR-02,SKU-00008,1,Quality issue
RET-000439,2026-02-04,STR-04,SKU-00009,2,Near expiry
RET-000440,2025-11-21,STR-01,SKU-00010,1,Incorrect item
RET-000441,2025-10-22,STR-03,SKU-00018,1,Near expiry
RET-000442,2026-02-14,STR-04,SKU-00007,2,Quality issue
RET-000443,2025-08-13,STR-08,SKU-00010,1,Quality issue
RET-000444,2025-11-05,STR-05,SKU-00018,2,Customer change of mind
RET-000445,2025-08-22,STR-07,SKU-00013,1,Quality issue
RET-000446,2025-08-16,STR-08,SKU-00019,1,Incorrect item
RET-000447,2026-05-03,STR-05,SKU-00005,2,Incorrect item
RET-000448,2025-10-16,STR-02,SKU-00002,1,Near expiry
RET-000449,2025-10-03,STR-02,SKU-00016,2,Near expiry
RET-000450,2026-03-07,STR-02,SKU-00002,1,Customer change of mind
RET-000451,2026-03-20,STR-02,SKU-00002,2,Customer change of mind
RET-000452,2025-12-21,STR-08,SKU-00015,1,Incorrect item
RET-000453,2026-06-11,STR-08,SKU-00011,2,Customer change of mind
RET-000454,2026-06-03,STR-07,SKU-00022,1,Customer change of mind
RET-000455,2026-01-25,STR-03,SKU-00021,2,Incorrect item
RET-000456,2026-01-21,STR-06,SKU-00011,1,Customer change of mind
RET-000457,2025-09-07,STR-03,SKU-00011,1,Incorrect item
RET-000458,2025-09-29,STR-04,SKU-00004,2,Quality issue
RET-000459,2026-04-22,STR-01,SKU-00019,1,Damaged in transit
RET-000460,2025-12-25,STR-08,SKU-00012,2,Quality issue
RET-000461,2026-07-01,STR-03,SKU-00008,1,Incorrect item
RET-000462,2026-02-25,STR-01,SKU-00011,2,Customer change of mind
RET-000463,2026-02-18,STR-07,SKU-00022,2,Customer change of mind
RET-000464,2025-12-19,STR-03,SKU-00016,1,Near expiry
RET-000465,2025-08-27,STR-02,SKU-00006,1,Incorrect item
RET-000466,2026-02-26,STR-08,SKU-00002,2,Damaged in transit
RET-000467,2026-02-11,STR-06,SKU-00004,2,Near expiry
RET-000468,2025-11-20,STR-04,SKU-00017,1,Incorrect item
RET-000469,2025-08-16,STR-07,SKU-00019,2,Quality issue
RET-000470,2026-03-03,STR-05,SKU-00002,1,Customer change of mind
RET-000471,2025-08-14,STR-07,SKU-00021,1,Damaged in transit
RET-000472,2026-04-28,STR-04,SKU-00004,1,Customer change of mind
RET-000473,2025-11-06,STR-08,SKU-00019,2,Near expiry
RET-000474,2025-08-12,STR-08,SKU-00018,2,Quality issue
RET-000475,2026-04-15,STR-01,SKU-00014,2,Quality issue
RET-000476,2025-11-27,STR-02,SKU-00019,2,Quality issue
RET-000477,2025-08-06,STR-01,SKU-00003,2,Quality issue
RET-000478,2025-12-27,STR-05,SKU-00004,1,Customer change of mind
RET-000479,2026-04-27,STR-04,SKU-00010,2,Damaged in transit
RET-000480,2026-07-20,STR-05,SKU-00004,2,Damaged in transit
RET-000481,2025-11-10,STR-05,SKU-00006,2,Quality issue
RET-000482,2026-04-19,STR-01,SKU-00015,2,Quality issue
RET-000483,2026-04-06,STR-08,SKU-00024,1,Damaged in transit
RET-000484,2025-08-22,STR-03,SKU-00018,2,Incorrect item
RET-000485,2025-10-15,STR-03,SKU-00023,1,Damaged in transit
RET-000486,2025-11-24,STR-05,SKU-00001,1,Damaged in transit
RET-000487,2026-01-26,STR-02,SKU-00013,2,Quality issue
RET-000488,2025-09-29,STR-02,SKU-00011,2,Near expiry
RET-000489,2026-03-20,STR-03,SKU-00011,1,Incorrect item
RET-000490,2026-05-19,STR-07,SKU-00016,1,Customer change of mind
RET-000491,2026-08-18,STR-02,SKU-00007,1,Customer change of mind
RET-000492,2025-11-17,STR-08,SKU-00011,1,Customer change of mind
RET-000493,2025-11-09,STR-04,SKU-00018,2,Damaged in transit
RET-000494,2025-10-28,STR-05,SKU-00004,2,Near expiry
RET-000495,2026-06-15,STR-05,SKU-00002,1,Near expiry
RET-000496,2026-03-22,STR-04,SKU-00004,1,Quality issue
RET-000497,2025-11-08,STR-01,SKU-00013,2,Damaged in transit
RET-000498,2025-11-13,STR-02,SKU-00011,1,Damaged in transit
RET-000499,2025-10-21,STR-05,SKU-00003,2,Damaged in transit
RET-000500,2026-01-01,STR-02,SKU-00013,1,Customer change of mind
RET-000501,2025-10-19,STR-04,SKU-00004,2,Incorrect item
RET-000502,2025-09-26,STR-05,SKU-00008,2,Customer change of mind
RET-000503,2025-10-29,STR-02,SKU-00002,1,Incorrect item
RET-000504,2025-07-25,STR-04,SKU-00016,1,Near expiry
RET-000505,2026-03-02,STR-02,SKU-00013,1,Quality issue
RET-000506,2026-05-17,STR-07,SKU-00006,1,Near expiry
RET-000507,2025-11-27,STR-06,SKU-00024,1,Quality issue
RET-000508,2025-08-20,STR-06,SKU-00001,2,Quality issue
RET-000509,2025-10-31,STR-06,SKU-00010,1,Quality issue
RET-000510,2026-08-02,STR-02,SKU-00008,2,Damaged in transit
RET-000511,2026-05-23,STR-08,SKU-00015,1,Quality issue
RET-000512,2025-07-12,STR-08,SKU-00021,1,Near expiry
RET-000513,2025-11-02,STR-07,SKU-00006,1,Damaged in transit
RET-000514,2025-10-06,STR-06,SKU-00001,2,Customer change of mind
RET-000515,2026-07-06,STR-08,SKU-00006,2,Incorrect item
RET-000516,2026-04-19,STR-01,SKU-00004,2,Damaged in transit
RET-000517,2025-07-16,STR-07,SKU-00016,2,Incorrect item
RET-000518,2026-03-09,STR-08,SKU-00009,1,Customer change of mind
RET-000519,2025-09-03,STR-01,SKU-00024,2,Damaged in transit
RET-000520,2026-03-12,STR-07,SKU-00018,1,Near expiry
RET-000521,2026-08-08,STR-05,SKU-00016,1,Damaged in transit
RET-000522,2025-10-15,STR-03,SKU-00002,1,Customer change of mind
RET-000523,2026-03-17,STR-08,SKU-00021,1,Near expiry
RET-000524,2026-03-23,STR-01,SKU-00024,1,Quality issue
RET-000525,2026-03-05,STR-08,SKU-00023,1,Customer change of mind
RET-000526,2025-07-05,STR-04,SKU-00011,1,Quality issue
RET-000527,2026-03-11,STR-03,SKU-00009,2,Incorrect item
RET-000528,2026-07-21,STR-01,SKU-00010,2,Damaged in transit
RET-000529,2025-09-17,STR-04,SKU-00011,1,Incorrect item
RET-000530,2025-12-04,STR-04,SKU-00013,2,Damaged in transit
RET-000531,2026-07-08,STR-06,SKU-00004,2,Quality issue
RET-000532,2026-04-12,STR-07,SKU-00023,2,Customer change of mind
RET-000533,2026-07-20,STR-03,SKU-00021,2,Quality issue
RET-000534,2026-03-10,STR-07,SKU-00013,1,Customer change of mind
RET-000535,2025-11-27,STR-02,SKU-00008,1,Quality issue
RET-000536,2026-06-27,STR-07,SKU-00022,1,Near expiry
RET-000537,2025-12-14,STR-02,SKU-00019,2,Incorrect item
RET-000538,2025-08-11,STR-02,SKU-00002,2,Quality issue
RET-000539,2026-01-26,STR-04,SKU-00017,1,Near expiry
RET-000540,2025-07-24,STR-02,SKU-00008,1,Near expiry
RET-000541,2026-05-13,STR-02,SKU-00002,2,Near expiry
RET-000542,2025-10-04,STR-01,SKU-00014,2,Damaged in transit
RET-000543,2026-04-29,STR-08,SKU-00017,2,Incorrect item
RET-000544,2025-08-26,STR-08,SKU-00004,1,Incorrect item
RET-000545,2026-04-16,STR-02,SKU-00023,2,Customer change of mind
RET-000546,2026-03-04,STR-03,SKU-00021,1,Quality issue
RET-000547,2025-10-31,STR-06,SKU-00019,2,Customer change of mind
RET-000548,2026-05-19,STR-05,SKU-00019,1,Incorrect item
RET-000549,2025-07-30,STR-07,SKU-00021,1,Incorrect item
RET-000550,2026-01-02,STR-05,SKU-00024,1,Quality issue
RET-000551,2026-03-09,STR-06,SKU-00021,1,Damaged in transit
RET-000552,2025-07-18,STR-04,SKU-00018,1,Customer change of mind
RET-000553,2026-01-14,STR-05,SKU-00015,1,Damaged in transit
RET-000554,2026-03-15,STR-08,SKU-00006,2,Incorrect item
RET-000555,2026-08-01,STR-07,SKU-00010,1,Incorrect item
RET-000556,2026-07-22,STR-04,SKU-00005,1,Quality issue
RET-000557,2025-11-04,STR-04,SKU-00018,2,Quality issue
RET-000558,2026-08-09,STR-02,SKU-00023,2,Damaged in transit
RET-000559,2026-07-09,STR-04,SKU-00016,1,Damaged in transit
RET-000560,2026-06-05,STR-01,SKU-00013,2,Damaged in transit
RET-000561,2025-11-20,STR-08,SKU-00012,1,Quality issue
RET-000562,2026-07-24,STR-01,SKU-00024,1,Customer change of mind
RET-000563,2026-05-15,STR-04,SKU-00003,1,Incorrect item
RET-000564,2026-06-03,STR-03,SKU-00018,1,Incorrect item
RET-000565,2025-10-20,STR-05,SKU-00005,2,Incorrect item
RET-000566,2025-10-04,STR-02,SKU-00012,2,Near expiry
RET-000567,2026-03-14,STR-02,SKU-00016,2,Incorrect item
RET-000568,2026-05-12,STR-08,SKU-00023,1,Damaged in transit
RET-000569,2025-11-17,STR-08,SKU-00004,1,Near expiry
RET-000570,2025-08-25,STR-08,SKU-00014,1,Incorrect item
RET-000571,2026-07-19,STR-08,SKU-00006,1,Damaged in transit
RET-000572,2026-07-30,STR-08,SKU-00024,2,Near expiry
RET-000573,2025-09-08,STR-07,SKU-00005,2,Damaged in transit
RET-000574,2026-05-15,STR-06,SKU-00020,2,Quality issue
RET-000575,2025-09-23,STR-06,SKU-00015,2,Near expiry
RET-000576,2026-04-03,STR-05,SKU-00002,1,Damaged in transit
RET-000577,2025-08-21,STR-07,SKU-00007,2,Damaged in transit
RET-000578,2025-11-30,STR-06,SKU-00011,1,Damaged in transit
RET-000579,2026-04-09,STR-02,SKU-00020,1,Customer change of mind
RET-000580,2025-08-15,STR-07,SKU-00016,1,Customer change of mind
RET-000581,2025-12-28,STR-03,SKU-00007,2,Customer change of mind
RET-000582,2025-08-08,STR-07,SKU-00017,1,Quality issue
RET-000583,2026-05-21,STR-03,SKU-00017,2,Customer change of mind
RET-000584,2025-08-20,STR-02,SKU-00011,1,Incorrect item
RET-000585,2026-07-21,STR-05,SKU-00001,2,Near expiry
RET-000586,2026-03-13,STR-06,SKU-00022,2,Quality issue
RET-000587,2026-05-19,STR-07,SKU-00007,2,Incorrect item
RET-000588,2025-12-04,STR-01,SKU-00023,1,Quality issue
RET-000589,2026-02-02,STR-02,SKU-00003,1,Damaged in transit
RET-000590,2025-10-22,STR-01,SKU-00022,2,Near expiry
RET-000591,2026-04-05,STR-08,SKU-00011,1,Damaged in transit
RET-000592,2025-09-26,STR-06,SKU-00020,1,Damaged in transit
RET-000593,2026-07-27,STR-05,SKU-00004,2,Incorrect item
RET-000594,2025-12-21,STR-02,SKU-00019,1,Near expiry
RET-000595,2025-10-30,STR-03,SKU-00001,2,Near expiry
RET-000596,2026-08-07,STR-02,SKU-00013,2,Damaged in transit
RET-000597,2025-12-01,STR-08,SKU-00013,1,Damaged in transit
RET-000598,2026-04-24,STR-07,SKU-00005,1,Quality issue
RET-000599,2026-02-05,STR-01,SKU-00024,2,Customer change of mind
RET-000600,2025-07-20,STR-03,SKU-00011,2,Quality issue
RET-000601,2025-08-05,STR-08,SKU-00001,1,Customer change of mind
RET-000602,2026-08-08,STR-02,SKU-00009,2,Damaged in transit
RET-000603,2026-03-15,STR-04,SKU-00016,1,Quality issue
RET-000604,2026-01-24,STR-08,SKU-00021,1,Near expiry
RET-000605,2026-03-03,STR-06,SKU-00005,2,Damaged in transit
RET-000606,2025-09-20,STR-05,SKU-00008,2,Damaged in transit
RET-000607,2025-08-26,STR-03,SKU-00006,1,Near expiry
RET-000608,2026-05-06,STR-05,SKU-00016,1,Customer change of mind
RET-000609,2026-07-31,STR-08,SKU-00002,2,Incorrect item
RET-000610,2026-07-30,STR-06,SKU-00004,1,Damaged in transit
RET-000611,2026-04-06,STR-05,SKU-00013,2,Damaged in transit
RET-000612,2026-01-01,STR-08,SKU-00021,1,Damaged in transit
RET-000613,2025-08-11,STR-08,SKU-00002,1,Customer change of mind
RET-000614,2026-04-10,STR-08,SKU-00017,1,Incorrect item
RET-000615,2026-03-09,STR-03,SKU-00004,1,Near expiry
RET-000616,2026-07-06,STR-02,SKU-00009,2,Customer change of mind
RET-000617,2026-08-09,STR-05,SKU-00016,2,Incorrect item
RET-000618,2026-07-30,STR-07,SKU-00005,1,Customer change of mind
RET-000619,2026-05-26,STR-07,SKU-00020,1,Near expiry
RET-000620,2025-11-24,STR-08,SKU-00020,2,Near expiry
RET-000621,2026-01-06,STR-04,SKU-00011,1,Damaged in transit
RET-000622,2025-10-28,STR-05,SKU-00011,2,Near expiry
RET-000623,2026-07-18,STR-08,SKU-00015,1,Quality issue
RET-000624,2025-10-08,STR-08,SKU-00002,2,Near expiry
RET-000625,2026-07-04,STR-08,SKU-00017,2,Near expiry
RET-000626,2025-11-02,STR-06,SKU-00011,1,Quality issue
RET-000627,2025-09-22,STR-07,SKU-00008,1,Damaged in transit
RET-000628,2026-04-19,STR-01,SKU-00020,2,Damaged in transit
RET-000629,2025-08-01,STR-03,SKU-00008,2,Damaged in transit
RET-000630,2025-09-20,STR-06,SKU-00020,2,Customer change of mind
RET-000631,2026-05-12,STR-06,SKU-00018,2,Damaged in transit
RET-000632,2026-08-08,STR-01,SKU-00023,1,Incorrect item
RET-000633,2026-08-16,STR-07,SKU-00006,2,Incorrect item
RET-000634,2025-11-07,STR-08,SKU-00023,2,Customer change of mind
RET-000635,2026-01-20,STR-01,SKU-00001,2,Customer change of mind
RET-000636,2026-01-12,STR-03,SKU-00005,2,Incorrect item
RET-000637,2026-03-02,STR-07,SKU-00008,2,Incorrect item
RET-000638,2026-07-23,STR-01,SKU-00014,1,Quality issue
RET-000639,2026-04-01,STR-04,SKU-00001,2,Near expiry
RET-000640,2026-05-02,STR-04,SKU-00022,2,Damaged in transit
RET-000641,2025-09-01,STR-05,SKU-00010,1,Damaged in transit
RET-000642,2026-02-16,STR-03,SKU-00008,2,Customer change of mind
RET-000643,2025-07-20,STR-07,SKU-00016,1,Customer change of mind
RET-000644,2026-04-06,STR-04,SKU-00015,1,Customer change of mind
RET-000645,2026-03-12,STR-01,SKU-00011,1,Quality issue
RET-000646,2026-06-07,STR-01,SKU-00003,2,Quality issue
RET-000647,2026-02-15,STR-04,SKU-00010,1,Quality issue
RET-000648,2026-03-06,STR-05,SKU-00017,1,Quality issue
RET-000649,2025-10-06,STR-02,SKU-00020,1,Damaged in transit
RET-000650,2025-12-25,STR-05,SKU-00014,2,Customer change of mind
RET-000651,2025-08-22,STR-08,SKU-00013,2,Incorrect item
RET-000652,2025-08-23,STR-02,SKU-00003,1,Damaged in transit
RET-000653,2025-12-19,STR-03,SKU-00002,2,Quality issue
RET-000654,2026-03-05,STR-02,SKU-00010,2,Quality issue
RET-000655,2025-09-15,STR-08,SKU-00011,1,Quality issue
RET-000656,2026-03-25,STR-03,SKU-00009,2,Quality issue
RET-000657,2026-04-22,STR-08,SKU-00024,1,Near expiry
RET-000658,2025-08-25,STR-07,SKU-00002,2,Incorrect item
RET-000659,2026-01-18,STR-03,SKU-00008,1,Near expiry
RET-000660,2025-08-31,STR-02,SKU-00009,1,Incorrect item
RET-000661,2026-03-28,STR-03,SKU-00008,2,Incorrect item
RET-000662,2026-07-19,STR-06,SKU-00002,1,Customer change of mind
RET-000663,2026-06-05,STR-08,SKU-00019,2,Customer change of mind
RET-000664,2026-05-19,STR-02,SKU-00009,2,Customer change of mind
RET-000665,2026-06-29,STR-07,SKU-00021,1,Incorrect item
RET-000666,2026-02-03,STR-02,SKU-00015,2,Damaged in transit
RET-000667,2026-08-13,STR-06,SKU-00020,1,Near expiry
RET-000668,2026-08-13,STR-07,SKU-00019,2,Incorrect item
RET-000669,2025-08-07,STR-05,SKU-00004,1,Quality issue
RET-000670,2025-10-26,STR-02,SKU-00022,2,Near expiry
RET-000671,2026-07-30,STR-04,SKU-00020,2,Quality issue
RET-000672,2025-07-25,STR-06,SKU-00010,2,Incorrect item
RET-000673,2026-04-09,STR-03,SKU-00001,2,Quality issue
RET-000674,2026-05-05,STR-06,SKU-00018,2,Incorrect item
RET-000675,2025-09-12,STR-04,SKU-00022,2,Near expiry
RET-000676,2026-02-04,STR-02,SKU-00020,2,Customer change of mind
RET-000677,2025-07-10,STR-08,SKU-00010,1,Near expiry
RET-000678,2026-03-27,STR-06,SKU-00017,1,Damaged in transit
RET-000679,2025-11-16,STR-07,SKU-00018,1,Incorrect item
RET-000680,2025-08-30,STR-01,SKU-00014,2,Incorrect item
RET-000681,2026-01-17,STR-04,SKU-00009,1,Customer change of mind
RET-000682,2025-07-21,STR-08,SKU-00009,1,Incorrect item
RET-000683,2026-06-28,STR-05,SKU-00006,2,Quality issue
RET-000684,2026-03-24,STR-05,SKU-00005,2,Damaged in transit
RET-000685,2025-09-08,STR-02,SKU-00013,1,Incorrect item
RET-000686,2026-01-13,STR-06,SKU-00021,1,Near expiry
RET-000687,2026-03-24,STR-08,SKU-00001,1,Damaged in transit
RET-000688,2025-12-15,STR-03,SKU-00009,2,Incorrect item
RET-000689,2026-05-01,STR-02,SKU-00007,2,Incorrect item
RET-000690,2026-01-12,STR-04,SKU-00014,1,Near expiry
RET-000691,2026-05-07,STR-01,SKU-00010,2,Damaged in transit
RET-000692,2025-12-26,STR-07,SKU-00003,2,Damaged in transit
RET-000693,2026-01-31,STR-04,SKU-00013,1,Incorrect item
RET-000694,2026-04-18,STR-04,SKU-00014,2,Damaged in transit
RET-000695,2026-03-11,STR-04,SKU-00009,1,Incorrect item
RET-000696,2026-05-19,STR-01,SKU-00011,1,Customer change of mind
RET-000697,2025-11-03,STR-03,SKU-00013,2,Incorrect item
RET-000698,2026-05-14,STR-08,SKU-00001,2,Near expiry
RET-000699,2026-04-27,STR-06,SKU-00003,2,Incorrect item
RET-000700,2026-05-07,STR-07,SKU-00016,1,Damaged in transit
RET-000701,2026-02-17,STR-08,SKU-00024,2,Damaged in transit
RET-000702,2025-12-18,STR-02,SKU-00012,1,Damaged in transit
RET-000703,2026-04-13,STR-06,SKU-00017,2,Damaged in transit
RET-000704,2025-12-30,STR-05,SKU-00004,1,Near expiry
RET-000705,2026-01-24,STR-08,SKU-00006,2,Quality issue
RET-000706,2025-11-27,STR-04,SKU-00015,1,Customer change of mind
RET-000707,2025-12-26,STR-08,SKU-00006,2,Quality issue
RET-000708,2026-08-01,STR-07,SKU-00023,1,Near expiry
RET-000709,2025-08-30,STR-05,SKU-00019,2,Incorrect item
RET-000710,2026-07-11,STR-01,SKU-00024,2,Damaged in transit
RET-000711,2026-01-05,STR-07,SKU-00016,2,Customer change of mind
RET-000712,2026-02-28,STR-04,SKU-00007,2,Customer change of mind
RET-000713,2026-02-03,STR-07,SKU-00006,2,Near expiry
RET-000714,2026-06-11,STR-08,SKU-00018,1,Damaged in transit
RET-000715,2025-12-17,STR-01,SKU-00001,2,Quality issue
RET-000716,2026-06-30,STR-08,SKU-00014,1,Quality issue
RET-000717,2025-12-17,STR-01,SKU-00018,2,Incorrect item
RET-000718,2026-02-07,STR-08,SKU-00021,2,Damaged in transit
RET-000719,2026-05-18,STR-02,SKU-00020,2,Quality issue
RET-000720,2025-12-02,STR-05,SKU-00010,1,Incorrect item
RET-000721,2026-06-18,STR-05,SKU-00001,2,Near expiry
RET-000722,2026-06-24,STR-04,SKU-00009,2,Incorrect item
RET-000723,2025-09-03,STR-01,SKU-00010,1,Customer change of mind
RET-000724,2025-08-25,STR-07,SKU-00020,2,Incorrect item
RET-000725,2025-07-11,STR-01,SKU-00023,1,Quality issue
RET-000726,2025-12-09,STR-06,SKU-00006,1,Damaged in transit
RET-000727,2026-03-06,STR-05,SKU-00002,1,Near expiry
RET-000728,2026-06-04,STR-05,SKU-00002,2,Near expiry
RET-000729,2026-06-01,STR-01,SKU-00010,2,Damaged in transit
RET-000730,2025-09-02,STR-04,SKU-00017,1,Customer change of mind
RET-000731,2026-08-15,STR-05,SKU-00003,2,Incorrect item
RET-000732,2025-08-23,STR-08,SKU-00013,2,Incorrect item
RET-000733,2026-04-20,STR-04,SKU-00022,1,Near expiry
RET-000734,2026-06-03,STR-01,SKU-00014,2,Incorrect item
RET-000735,2026-05-01,STR-07,SKU-00003,2,Damaged in transit
RET-000736,2026-02-24,STR-07,SKU-00005,2,Damaged in transit
RET-000737,2026-04-17,STR-06,SKU-00003,2,Damaged in transit
RET-000738,2026-04-20,STR-08,SKU-00002,2,Damaged in transit
RET-000739,2026-06-22,STR-04,SKU-00009,1,Incorrect item
RET-000740,2026-05-30,STR-04,SKU-00020,1,Customer change of mind
RET-000741,2025-11-06,STR-04,SKU-00020,2,Near expiry
RET-000742,2025-12-30,STR-05,SKU-00016,2,Incorrect item
RET-000743,2026-04-13,STR-04,SKU-00005,1,Quality issue
RET-000744,2026-05-12,STR-06,SKU-00020,1,Near expiry
RET-000745,2025-11-18,STR-07,SKU-00017,2,Quality issue
RET-000746,2026-05-09,STR-07,SKU-00022,2,Damaged in transit
RET-000747,2026-02-01,STR-03,SKU-00009,2,Customer change of mind
RET-000748,2025-07-20,STR-08,SKU-00002,2,Near expiry
RET-000749,2025-11-27,STR-06,SKU-00019,2,Near expiry
RET-000750,2026-01-14,STR-01,SKU-00022,1,Damaged in transit
RET-000751,2026-06-25,STR-06,SKU-00001,2,Near expiry
RET-000752,2026-03-04,STR-08,SKU-00010,1,Damaged in transit
RET-000753,2026-01-24,STR-06,SKU-00003,2,Damaged in transit
RET-000754,2026-06-08,STR-07,SKU-00022,2,Incorrect item
RET-000755,2026-07-06,STR-07,SKU-00018,1,Quality issue
RET-000756,2025-07-22,STR-01,SKU-00002,2,Quality issue
RET-000757,2025-07-27,STR-06,SKU-00022,2,Damaged in transit
RET-000758,2025-09-29,STR-05,SKU-00017,2,Quality issue
RET-000759,2026-03-10,STR-05,SKU-00016,1,Damaged in transit
RET-000760,2025-09-19,STR-05,SKU-00016,1,Customer change of mind
RET-000761,2026-04-27,STR-02,SKU-00014,2,Quality issue
RET-000762,2025-09-04,STR-07,SKU-00020,2,Damaged in transit
RET-000763,2025-12-12,STR-04,SKU-00020,1,Customer change of mind
RET-000764,2025-12-29,STR-01,SKU-00004,2,Near expiry
RET-000765,2026-07-12,STR-05,SKU-00001,2,Damaged in transit
RET-000766,2025-12-15,STR-06,SKU-00004,2,Customer change of mind
RET-000767,2026-05-31,STR-05,SKU-00015,1,Customer change of mind
RET-000768,2026-07-13,STR-02,SKU-00020,2,Incorrect item
RET-000769,2025-08-03,STR-01,SKU-00003,2,Damaged in transit
RET-000770,2025-07-25,STR-05,SKU-00017,1,Damaged in transit
RET-000771,2026-04-13,STR-03,SKU-00020,1,Damaged in transit
RET-000772,2026-01-27,STR-07,SKU-00016,1,Quality issue
RET-000773,2025-08-30,STR-02,SKU-00007,2,Quality issue
RET-000774,2025-08-26,STR-07,SKU-00007,2,Customer change of mind
RET-000775,2026-03-31,STR-02,SKU-00012,2,Incorrect item
RET-000776,2025-08-26,STR-03,SKU-00008,1,Near expiry
RET-000777,2025-10-30,STR-04,SKU-00017,1,Incorrect item
RET-000778,2026-06-09,STR-03,SKU-00016,2,Near expiry
RET-000779,2026-01-31,STR-04,SKU-00015,1,Near expiry
RET-000780,2025-11-18,STR-02,SKU-00003,1,Damaged in transit
RET-000781,2026-04-14,STR-07,SKU-00012,1,Customer change of mind
RET-000782,2025-08-30,STR-02,SKU-00019,2,Customer change of mind
RET-000783,2025-10-09,STR-06,SKU-00004,2,Customer change of mind
RET-000784,2025-09-29,STR-02,SKU-00015,2,Damaged in transit
RET-000785,2025-09-29,STR-05,SKU-00020,2,Customer change of mind
RET-000786,2025-10-16,STR-05,SKU-00005,2,Quality issue
RET-000787,2026-01-17,STR-07,SKU-00023,1,Damaged in transit
RET-000788,2026-01-11,STR-05,SKU-00001,2,Damaged in transit
RET-000789,2026-06-04,STR-05,SKU-00021,2,Damaged in transit
RET-000790,2026-07-31,STR-04,SKU-00013,1,Incorrect item
RET-000791,2025-10-17,STR-03,SKU-00004,1,Incorrect item
RET-000792,2025-12-14,STR-02,SKU-00024,1,Damaged in transit
RET-000793,2026-05-31,STR-02,SKU-00010,1,Customer change of mind
RET-000794,2025-12-19,STR-02,SKU-00018,1,Quality issue
RET-000795,2026-06-25,STR-01,SKU-00024,1,Damaged in transit
RET-000796,2026-04-23,STR-06,SKU-00023,1,Incorrect item
RET-000797,2026-01-18,STR-07,SKU-00020,2,Near expiry
RET-000798,2026-04-27,STR-04,SKU-00017,1,Customer change of mind
RET-000799,2025-09-06,STR-04,SKU-00017,2,Near expiry
RET-000800,2026-04-17,STR-08,SKU-00018,1,Customer change of mind
RET-000801,2026-02-27,STR-05,SKU-00017,2,Customer change of mind
RET-000802,2026-02-02,STR-05,SKU-00001,2,Quality issue
RET-000803,2025-11-24,STR-04,SKU-00013,2,Incorrect item
RET-000804,2026-08-14,STR-01,SKU-00015,1,Damaged in transit
RET-000805,2025-11-10,STR-07,SKU-00023,1,Customer change of mind
RET-000806,2025-08-29,STR-08,SKU-00018,1,Incorrect item
RET-000807,2026-07-23,STR-03,SKU-00021,2,Damaged in transit
RET-000808,2025-07-03,STR-05,SKU-00019,1,Incorrect item
RET-000809,2026-03-02,STR-02,SKU-00012,1,Customer change of mind
RET-000810,2025-12-24,STR-04,SKU-00010,1,Quality issue
RET-000811,2025-07-08,STR-08,SKU-00005,1,Near expiry
RET-000812,2025-08-22,STR-05,SKU-00021,2,Incorrect item
RET-000813,2025-08-23,STR-05,SKU-00004,2,Customer change of mind
RET-000814,2025-09-20,STR-05,SKU-00017,2,Damaged in transit
RET-000815,2025-07-24,STR-04,SKU-00004,1,Near expiry
RET-000816,2025-11-30,STR-07,SKU-00012,2,Near expiry
RET-000817,2026-04-15,STR-04,SKU-00015,1,Customer change of mind
RET-000818,2025-09-03,STR-03,SKU-00015,2,Quality issue
RET-000819,2026-06-26,STR-01,SKU-00022,1,Incorrect item
RET-000820,2026-02-03,STR-05,SKU-00018,1,Incorrect item
RET-000821,2026-01-26,STR-07,SKU-00008,2,Near expiry
RET-000822,2026-07-13,STR-06,SKU-00004,2,Incorrect item
RET-000823,2025-12-06,STR-04,SKU-00010,2,Customer change of mind
RET-000824,2025-08-24,STR-02,SKU-00014,2,Incorrect item
RET-000825,2026-05-12,STR-03,SKU-00008,1,Near expiry
RET-000826,2026-06-17,STR-06,SKU-00024,2,Customer change of mind
RET-000827,2026-02-02,STR-03,SKU-00023,1,Quality issue
RET-000828,2026-07-21,STR-02,SKU-00015,2,Quality issue
RET-000829,2026-05-05,STR-02,SKU-00008,2,Near expiry
RET-000830,2026-07-13,STR-05,SKU-00004,1,Near expiry
RET-000831,2025-07-13,STR-03,SKU-00011,1,Customer change of mind
RET-000832,2025-09-14,STR-02,SKU-00008,1,Near expiry
RET-000833,2025-08-08,STR-01,SKU-00001,1,Customer change of mind
RET-000834,2025-12-14,STR-02,SKU-00012,2,Quality issue
RET-000835,2026-04-25,STR-02,SKU-00022,1,Quality issue
RET-000836,2026-06-09,STR-04,SKU-00003,1,Near expiry
RET-000837,2025-08-28,STR-04,SKU-00009,1,Near expiry
RET-000838,2026-02-07,STR-08,SKU-00013,2,Quality issue
RET-000839,2025-08-02,STR-05,SKU-00024,1,Incorrect item
RET-000840,2026-06-23,STR-03,SKU-00020,2,Incorrect item
RET-000841,2026-04-09,STR-04,SKU-00001,1,Incorrect item
RET-000842,2026-07-30,STR-01,SKU-00002,1,Quality issue
RET-000843,2025-10-20,STR-02,SKU-00016,1,Customer change of mind
RET-000844,2025-07-16,STR-07,SKU-00002,2,Near expiry
RET-000845,2026-05-23,STR-04,SKU-00005,1,Incorrect item
RET-000846,2025-10-16,STR-02,SKU-00007,1,Customer change of mind
RET-000847,2025-11-23,STR-07,SKU-00008,1,Near expiry
RET-000848,2026-06-24,STR-04,SKU-00017,1,Customer change of mind
RET-000849,2025-11-21,STR-07,SKU-00002,1,Damaged in transit
RET-000850,2026-05-12,STR-08,SKU-00019,2,Incorrect item
RET-000851,2025-08-04,STR-04,SKU-00016,2,Damaged in transit
RET-000852,2025-12-28,STR-05,SKU-00006,1,Damaged in transit
RET-000853,2026-07-13,STR-02,SKU-00010,2,Customer change of mind
RET-000854,2026-01-08,STR-01,SKU-00018,2,Near expiry
RET-000855,2026-05-10,STR-08,SKU-00012,1,Customer change of mind
RET-000856,2025-07-13,STR-05,SKU-00024,1,Incorrect item
RET-000857,2025-09-21,STR-03,SKU-00017,2,Quality issue
RET-000858,2025-11-21,STR-04,SKU-00021,1,Incorrect item
RET-000859,2026-05-22,STR-07,SKU-00004,1,Customer change of mind
RET-000860,2026-02-22,STR-03,SKU-00018,2,Near expiry
RET-000861,2025-08-22,STR-08,SKU-00001,1,Near expiry
RET-000862,2026-06-03,STR-08,SKU-00012,1,Quality issue
RET-000863,2026-04-17,STR-08,SKU-00014,2,Customer change of mind
RET-000864,2025-09-29,STR-08,SKU-00017,2,Quality issue
RET-000865,2025-07-15,STR-04,SKU-00007,2,Incorrect item
RET-000866,2026-05-27,STR-04,SKU-00022,1,Customer change of mind
RET-000867,2025-09-09,STR-06,SKU-00020,1,Quality issue
RET-000868,2025-12-11,STR-02,SKU-00006,2,Quality issue
RET-000869,2025-09-24,STR-01,SKU-00022,1,Near expiry
RET-000870,2025-09-09,STR-03,SKU-00001,1,Customer change of mind
RET-000871,2025-10-19,STR-05,SKU-00014,1,Near expiry
RET-000872,2026-02-01,STR-02,SKU-00022,1,Customer change of mind
RET-000873,2025-08-29,STR-06,SKU-00022,1,Quality issue
RET-000874,2026-03-15,STR-04,SKU-00003,2,Customer change of mind
RET-000875,2025-08-30,STR-04,SKU-00012,2,Near expiry
RET-000876,2025-10-15,STR-05,SKU-00003,2,Damaged in transit
RET-000877,2026-03-30,STR-05,SKU-00024,1,Quality issue
RET-000878,2026-05-27,STR-01,SKU-00023,1,Damaged in transit
RET-000879,2025-10-17,STR-07,SKU-00022,2,Damaged in transit
RET-000880,2026-02-27,STR-02,SKU-00022,1,Quality issue
RET-000881,2026-07-16,STR-07,SKU-00014,2,Customer change of mind
RET-000882,2026-07-29,STR-03,SKU-00002,1,Customer change of mind
RET-000883,2026-05-16,STR-06,SKU-00020,2,Quality issue
RET-000884,2026-02-24,STR-01,SKU-00018,2,Quality issue
RET-000885,2025-09-27,STR-01,SKU-00001,2,Incorrect item
RET-000886,2026-03-15,STR-08,SKU-00006,1,Quality issue
RET-000887,2026-05-19,STR-03,SKU-00016,2,Damaged in transit
RET-000888,2025-12-07,STR-02,SKU-00007,2,Incorrect item
RET-000889,2025-07-26,STR-08,SKU-00005,2,Incorrect item
RET-000890,2026-05-10,STR-05,SKU-00002,2,Customer change of mind
RET-000891,2026-02-01,STR-06,SKU-00021,1,Customer change of mind
RET-000892,2025-11-18,STR-04,SKU-00001,1,Near expiry
RET-000893,2025-09-10,STR-04,SKU-00012,1,Quality issue
RET-000894,2026-06-14,STR-08,SKU-00021,1,Quality issue
RET-000895,2025-11-25,STR-03,SKU-00021,1,Damaged in transit
RET-000896,2025-08-11,STR-04,SKU-00004,2,Quality issue
RET-000897,2025-10-03,STR-07,SKU-00012,2,Near expiry
RET-000898,2025-08-07,STR-07,SKU-00019,2,Near expiry
RET-000899,2025-11-10,STR-01,SKU-00014,2,Near expiry
RET-000900,2026-05-18,STR-01,SKU-00019,1,Near expiry
RET-000901,2025-08-07,STR-08,SKU-00017,1,Near expiry
RET-000902,2026-03-09,STR-02,SKU-00020,1,Incorrect item
RET-000903,2026-07-09,STR-05,SKU-00011,2,Damaged in transit
