date,location_type,location_id,sku_id,on_hand_units,on_order_units,days_of_supply,anomaly_score,anomaly_type
2026-07-31,Warehouse,WH-QLD,SKU-00020,652.6,0.0,35.9,0.7437330346439979,Unexplained inventory build-up
2026-07-31,Warehouse,WH-VIC,SKU-00020,579.0,0.0,35.9,0.7383986932775273,Unexplained inventory build-up
2025-06-27,Warehouse,WH-VIC,SKU-00020,694.3,0.0,43.0,0.7377124701730647,Abnormal stock position
2025-07-04,Warehouse,WH-VIC,SKU-00020,599.4,0.0,37.1,0.7348475544883678,Unexplained inventory drop
2026-07-31,Warehouse,WH-NSW,SKU-00020,507.2,0.0,36.7,0.7344127666949092,Unexplained inventory build-up
2025-06-27,Warehouse,WH-QLD,SKU-00016,636.3,0.0,40.2,0.7334820739274456,Abnormal stock position
2026-07-31,Warehouse,WH-QLD,SKU-00016,517.2,0.0,32.7,0.7318229157510048,Unexplained inventory build-up
2025-06-27,Warehouse,WH-VIC,SKU-00004,666.1,0.0,36.9,0.7310313666184706,Abnormal stock position
2025-06-27,Warehouse,WH-NSW,SKU-00020,589.2,0.0,42.6,0.7307576944507793,Abnormal stock position
2025-06-27,Warehouse,WH-QLD,SKU-00020,650.1,0.0,35.7,0.7266655516592407,Abnormal stock position
2026-07-31,Warehouse,WH-QLD,SKU-00010,466.7,0.0,33.9,0.7265264749034903,Unexplained inventory build-up
2025-07-11,Warehouse,WH-VIC,SKU-00020,471.4,0.0,29.2,0.7249418418605541,Unexplained inventory drop
2025-07-04,Warehouse,WH-QLD,SKU-00016,539.1,0.0,34.1,0.7232611063557323,Unexplained inventory drop
2025-07-11,Warehouse,WH-NSW,SKU-00011,170.7,105.1,22.8,0.721035206554667,Unexplained inventory drop
2025-07-04,Warehouse,WH-NSW,SKU-00020,487.0,0.0,35.2,0.7205854871051853,Unexplained inventory drop
2025-07-04,Warehouse,WH-VIC,SKU-00004,543.5,0.0,30.1,0.7190005994585894,Unexplained inventory drop
2026-07-31,Warehouse,WH-WA,SKU-00010,330.4,0.0,36.9,0.7184199333787262,Unexplained inventory build-up
2025-07-18,Warehouse,WH-VIC,SKU-00020,321.4,262.6,19.9,0.718103725063214,Unexplained inventory drop
2025-07-18,Warehouse,WH-QLD,SKU-00020,174.0,553.6,9.6,0.7178024461062311,Unexplained inventory drop
2026-07-31,Warehouse,WH-WA,SKU-00020,300.3,0.0,40.0,0.7175984483549439,Unexplained inventory build-up
2025-06-27,Warehouse,WH-VIC,SKU-00002,1192.8,0.0,26.4,0.7141058745256033,Abnormal stock position
2025-07-18,Warehouse,WH-NSW,SKU-00020,257.0,242.1,18.6,0.7140293937792608,Unexplained inventory drop
2025-07-11,Warehouse,WH-WA,SKU-00005,92.2,66.3,21.4,0.7125399139213997,Unexplained inventory drop
2025-07-04,Warehouse,WH-QLD,SKU-00020,529.0,0.0,29.1,0.7120253473526805,Unexplained inventory drop
2026-07-31,Warehouse,WH-NSW,SKU-00014,827.6,0.0,24.0,0.7117251782349019,Unexplained inventory build-up
2025-06-27,Warehouse,WH-VIC,SKU-00018,820.5,0.0,26.4,0.7114534642515428,Abnormal stock position
2026-07-31,Warehouse,WH-QLD,SKU-00005,315.0,0.0,35.0,0.7105365144239159,Unexplained inventory build-up
2025-07-11,Warehouse,WH-QLD,SKU-00016,416.1,0.0,26.3,0.7103755998723115,Unexplained inventory drop
2025-06-27,Warehouse,WH-NSW,SKU-00002,900.3,0.0,25.7,0.7096100573487099,Abnormal stock position
2026-07-31,Warehouse,WH-VIC,SKU-00011,303.7,0.0,34.3,0.7078616142699222,Unexplained inventory build-up
2025-06-27,Warehouse,WH-QLD,SKU-00017,1016.1,0.0,25.1,0.7064820659817751,Abnormal stock position
2025-07-11,Warehouse,WH-VIC,SKU-00002,653.0,431.0,14.5,0.7063940155002393,Unexplained inventory drop
2025-06-27,Warehouse,WH-VIC,SKU-00010,555.3,0.0,30.1,0.7049482214362536,Abnormal stock position
2025-07-04,Warehouse,WH-NSW,SKU-00010,319.5,0.0,30.9,0.7047461438297931,Unexplained inventory drop
2025-06-27,Warehouse,WH-QLD,SKU-00002,654.6,0.0,27.3,0.7043606538932118,Abnormal stock position
2025-07-11,Warehouse,WH-NSW,SKU-00020,418.0,0.0,30.2,0.7041210343412552,Unexplained inventory drop
2026-07-31,Warehouse,WH-NSW,SKU-00004,216.6,0.0,38.4,0.7035292345976644,Unexplained inventory build-up
2025-07-04,Warehouse,WH-VIC,SKU-00002,1007.0,0.0,22.3,0.7035095470258856,Unexplained inventory drop
2025-06-27,Warehouse,WH-VIC,SKU-00013,700.0,0.0,25.7,0.7031524209730527,Abnormal stock position
2026-07-31,Warehouse,WH-QLD,SKU-00021,285.0,0.0,33.0,0.7022429696241937,Unexplained inventory build-up
2025-07-11,Warehouse,WH-NSW,SKU-00016,135.2,0.0,26.8,0.7019808906704296,Unexplained inventory drop
2025-07-04,Warehouse,WH-WA,SKU-00005,135.2,0.0,31.4,0.7019025828652486,Unexplained inventory drop
2025-06-27,Warehouse,WH-NSW,SKU-00010,406.2,0.0,39.3,0.701836256146277,Abnormal stock position
2025-07-11,Warehouse,WH-VIC,SKU-00004,399.5,293.7,22.1,0.700738837469665,Unexplained inventory drop
2025-06-27,Warehouse,WH-NSW,SKU-00014,823.6,0.0,23.9,0.7004697634743701,Abnormal stock position
2025-06-27,Warehouse,WH-QLD,SKU-00007,856.1,0.0,23.5,0.6992859443112034,Abnormal stock position
2025-07-04,Warehouse,WH-NSW,SKU-00005,58.3,0.0,21.3,0.6992685599180133,Unexplained inventory drop
2026-07-31,Warehouse,WH-QLD,SKU-00002,575.5,0.0,24.0,0.6991137603518914,Unexplained inventory build-up
2025-06-27,Warehouse,WH-QLD,SKU-00023,759.6,0.0,23.5,0.6981041258451178,Abnormal stock position
2025-07-11,Warehouse,WH-NSW,SKU-00021,74.7,0.0,23.8,0.6971782844108058,Unexplained inventory drop
2026-07-31,Warehouse,WH-VIC,SKU-00010,491.3,0.0,26.7,0.6964106298800308,Unexplained inventory build-up
2025-07-04,Warehouse,WH-NSW,SKU-00021,99.7,0.0,31.8,0.6964103803618913,Unexplained inventory drop
2025-07-04,Warehouse,WH-VIC,SKU-00011,278.4,0.0,31.5,0.696385073021614,Unexplained inventory drop
2026-07-31,Warehouse,WH-NSW,SKU-00016,175.5,0.0,34.8,0.6961188337546086,Unexplained inventory build-up
2026-07-31,Warehouse,WH-NSW,SKU-00011,245.8,0.0,32.8,0.6957200784348518,Unexplained inventory build-up
2025-06-27,Warehouse,WH-VIC,SKU-00008,708.6,0.0,23.3,0.6955055830874435,Abnormal stock position
2025-06-27,Warehouse,WH-VIC,SKU-00011,350.7,0.0,39.6,0.6953842894078355,Abnormal stock position
2026-07-31,Warehouse,WH-VIC,SKU-00014,676.2,0.0,24.0,0.6946300326693239,Unexplained inventory build-up
2025-07-11,Warehouse,WH-WA,SKU-00016,86.3,0.0,26.0,0.6943154308334343,Unexplained inventory drop
2025-07-04,Warehouse,WH-VIC,SKU-00018,696.0,0.0,22.4,0.6942212547715212,Unexplained inventory drop
2025-07-04,Warehouse,WH-NSW,SKU-00016,174.2,0.0,34.6,0.6940207265922872,Unexplained inventory drop
2025-08-01,Warehouse,WH-NSW,SKU-00020,297.2,221.0,21.5,0.6939911750637274,Unexplained inventory build-up
2025-06-27,Warehouse,WH-NSW,SKU-00011,305.6,0.0,40.8,0.6937395313840363,Abnormal stock position
2025-07-04,Warehouse,WH-WA,SKU-00021,199.0,0.0,28.0,0.693071604712182,Unexplained inventory drop
2025-07-04,Warehouse,WH-QLD,SKU-00017,859.4,0.0,21.3,0.692820312483668,Unexplained inventory drop
2026-07-31,Warehouse,WH-VIC,SKU-00004,467.2,0.0,25.9,0.6924945910688552,Unexplained inventory build-up
2025-07-18,Warehouse,WH-NSW,SKU-00016,112.2,81.3,22.3,0.6923392660973386,Unexplained inventory drop
2026-07-31,Warehouse,WH-WA,SKU-00011,153.5,0.0,32.7,0.6922845460031739,Unexplained inventory build-up
2025-07-18,Warehouse,WH-QLD,SKU-00016,284.1,259.1,18.0,0.6918927387975793,Unexplained inventory drop
2025-06-27,Warehouse,WH-VIC,SKU-00001,670.8,0.0,24.0,0.6916258843519011,Abnormal stock position
2025-07-18,Warehouse,WH-NSW,SKU-00010,162.5,157.8,15.7,0.6913816829006084,Unexplained inventory drop
2025-06-27,Warehouse,WH-WA,SKU-00010,340.7,0.0,38.1,0.6909539635154512,Abnormal stock position
2025-07-04,Warehouse,WH-WA,SKU-00010,266.5,0.0,29.8,0.6908784311680446,Unexplained inventory drop
2025-06-27,Warehouse,WH-NSW,SKU-00018,615.5,0.0,24.9,0.6905186638786172,Abnormal stock position
2026-07-31,Warehouse,WH-NSW,SKU-00002,801.2,0.0,22.9,0.6897835771122615,Unexplained inventory build-up
2025-06-27,Warehouse,WH-VIC,SKU-00007,666.8,0.0,23.1,0.6897566364738722,Abnormal stock position
2025-06-27,Warehouse,WH-QLD,SKU-00018,674.8,0.0,22.5,0.6897566364738722,Abnormal stock position
2026-07-31,Warehouse,WH-QLD,SKU-00011,185.7,0.0,32.4,0.6893349043671956,Unexplained inventory build-up
2025-07-18,Warehouse,WH-WA,SKU-00016,55.3,60.2,16.6,0.6890624193913204,Unexplained inventory drop
2025-07-25,Warehouse,WH-QLD,SKU-00020,19.0,553.6,1.0,0.688900219517423,Unexplained inventory drop
2025-07-04,Warehouse,WH-NSW,SKU-00004,173.5,0.0,30.8,0.6888746857341985,Unexplained inventory drop
2025-07-11,Warehouse,WH-WA,SKU-00021,148.0,113.7,20.8,0.688833899346373,Unexplained inventory drop
2026-07-31,Warehouse,WH-WA,SKU-00016,98.5,0.0,29.7,0.6882856533901173,Unexplained inventory build-up
2025-07-11,Warehouse,WH-QLD,SKU-00020,422.0,273.6,23.2,0.6882803986649441,Unexplained inventory drop
2025-09-12,Warehouse,WH-VIC,SKU-00024,0.0,788.5,0.0,0.6879613791876619,Unexplained inventory drop
2025-06-27,Warehouse,WH-VIC,SKU-00014,632.9,0.0,22.5,0.6878924405866792,Abnormal stock position
2025-06-27,Warehouse,WH-QLD,SKU-00021,316.9,0.0,36.7,0.6877575213204561,Abnormal stock position
2026-07-31,Warehouse,WH-QLD,SKU-00008,897.3,0.0,22.4,0.6872428495800427,Unexplained inventory build-up
2025-11-07,Warehouse,WH-VIC,SKU-00024,0.0,691.0,0.0,0.6869872195919733,Unexplained inventory drop
2025-07-04,Warehouse,WH-WA,SKU-00016,111.3,0.0,33.5,0.6866261338091646,Unexplained inventory drop
2025-07-04,Warehouse,WH-VIC,SKU-00010,411.7,295.6,22.4,0.6863175154167517,Unexplained inventory drop
2025-06-27,Warehouse,WH-NSW,SKU-00016,215.8,0.0,42.8,0.686244427033643,Abnormal stock position
2025-07-04,Warehouse,WH-QLD,SKU-00021,245.9,0.0,28.5,0.6860301254030733,Unexplained inventory drop
2025-07-04,Warehouse,WH-QLD,SKU-00002,512.0,0.0,21.4,0.6858092498961754,Unexplained inventory drop
2025-07-11,Warehouse,WH-NSW,SKU-00010,262.5,0.0,25.4,0.6856827681821773,Unexplained inventory drop
2025-06-27,Warehouse,WH-WA,SKU-00021,267.3,0.0,37.6,0.6849911648292185,Abnormal stock position
2025-06-27,Warehouse,WH-VIC,SKU-00021,330.3,0.0,34.4,0.6846914955859078,Abnormal stock position
2025-07-04,Warehouse,WH-NSW,SKU-00011,259.7,0.0,34.7,0.684310773808849,Unexplained inventory drop
2025-07-04,Warehouse,WH-NSW,SKU-00002,674.5,0.0,19.2,0.6842961214393634,Unexplained inventory drop
2025-06-27,Warehouse,WH-WA,SKU-00016,137.9,0.0,41.6,0.6841913623432837,Abnormal stock position
2025-06-27,Warehouse,WH-WA,SKU-00005,176.3,0.0,41.0,0.6840565381093703,Abnormal stock position
2025-06-27,Warehouse,WH-NSW,SKU-00004,218.8,0.0,38.8,0.683367658861665,Abnormal stock position
2025-07-11,Warehouse,WH-WA,SKU-00010,205.5,137.9,23.0,0.6831851556437992,Unexplained inventory drop
2025-07-18,Warehouse,WH-VIC,SKU-00004,303.5,293.7,16.8,0.6829457654250278,Unexplained inventory drop
2025-07-18,Warehouse,WH-WA,SKU-00011,98.1,74.7,20.9,0.682626204341466,Unexplained inventory drop
2026-01-02,Warehouse,WH-QLD,SKU-00013,608.6,372.2,13.9,0.6824133996361641,Unexplained inventory build-up
2025-06-27,Warehouse,WH-NSW,SKU-00021,128.0,0.0,40.8,0.6822667252276547,Abnormal stock position
2025-07-11,Warehouse,WH-VIC,SKU-00011,231.4,0.0,26.1,0.6816496223787829,Unexplained inventory drop
2025-07-18,Warehouse,WH-VIC,SKU-00011,159.4,154.3,18.0,0.681212569440847,Unexplained inventory drop
2025-07-04,Warehouse,WH-VIC,SKU-00013,600.6,0.0,22.1,0.6810343164265171,Unexplained inventory drop
2025-07-11,Warehouse,WH-VIC,SKU-00016,63.0,88.2,14.0,0.6809783880301503,Unexplained inventory drop
2025-07-18,Warehouse,WH-VIC,SKU-00002,367.0,431.0,8.1,0.6807130710534037,Unexplained inventory drop
2025-06-27,Warehouse,WH-WA,SKU-00018,518.4,0.0,25.2,0.680241967337577,Abnormal stock position
2025-06-27,Warehouse,WH-WA,SKU-00011,182.2,0.0,38.8,0.6799283580605727,Abnormal stock position
2025-06-27,Warehouse,WH-QLD,SKU-00005,298.9,0.0,33.2,0.6796146293246199,Abnormal stock position
2026-07-31,Warehouse,WH-VIC,SKU-00021,277.2,0.0,28.9,0.6795250803050222,Unexplained inventory build-up
2025-10-31,Warehouse,WH-QLD,SKU-00023,0.0,724.4,0.0,0.679498766175481,Unexplained inventory drop
2025-06-27,Warehouse,WH-WA,SKU-00004,167.7,0.0,36.8,0.6781247549453547,Abnormal stock position
2026-07-31,Warehouse,WH-VIC,SKU-00005,119.6,0.0,29.0,0.6777337185480716,Unexplained inventory build-up
2025-07-11,Warehouse,WH-QLD,SKU-00017,552.4,352.7,13.7,0.6771998904352677,Unexplained inventory drop
2025-06-27,Warehouse,WH-QLD,SKU-00011,199.6,0.0,34.9,0.6765596535254339,Abnormal stock position
2026-01-30,Warehouse,WH-QLD,SKU-00013,0.0,914.4,0.0,0.676514544118222,Unexplained inventory drop
2026-01-02,Warehouse,WH-QLD,SKU-00007,0.0,764.3,0.0,0.6763365068970512,Unexplained inventory drop
2026-07-31,Warehouse,WH-NSW,SKU-00023,636.0,0.0,22.4,0.6762500972343991,Unexplained inventory build-up
2025-07-04,Warehouse,WH-QLD,SKU-00007,715.1,0.0,19.7,0.6761389345307909,Unexplained inventory drop
2025-07-04,Warehouse,WH-QLD,SKU-00005,221.8,0.0,24.7,0.675812995701585,Unexplained inventory drop
2025-07-11,Warehouse,WH-QLD,SKU-00021,191.9,126.1,22.2,0.675552185043814,Unexplained inventory drop
2025-08-01,Warehouse,WH-VIC,SKU-00020,76.4,538.6,4.7,0.6753795737624017,Unexplained inventory drop
2025-07-04,Warehouse,WH-VIC,SKU-00021,255.1,0.0,26.6,0.6748189401931661,Unexplained inventory drop
2025-07-18,Warehouse,WH-WA,SKU-00020,54.0,246.3,7.2,0.6745499874966093,Unexplained inventory drop
2026-07-31,Warehouse,WH-WA,SKU-00004,130.1,0.0,28.5,0.6744383929087926,Unexplained inventory build-up
2025-07-11,Warehouse,WH-NSW,SKU-00004,147.5,0.0,26.1,0.6743738647366031,Unexplained inventory drop
2025-07-11,Warehouse,WH-VIC,SKU-00021,172.1,142.1,17.9,0.6738676259537946,Unexplained inventory drop
2025-12-26,Warehouse,WH-QLD,SKU-00013,-0.0,980.8,-0.0,0.6738048017227231,Unexplained inventory drop
2025-06-27,Warehouse,WH-QLD,SKU-00010,396.5,0.0,28.8,0.6737080346889438,Abnormal stock position
2025-07-18,Warehouse,WH-NSW,SKU-00011,123.7,105.1,16.5,0.6736004535231673,Unexplained inventory drop
2026-02-06,Warehouse,WH-VIC,SKU-00014,0.0,676.2,0.0,0.673369752295163,Unexplained inventory drop
2025-10-17,Warehouse,WH-VIC,SKU-00004,0.0,579.4,0.0,0.6733281653947407,Unexplained inventory drop
2025-07-11,Warehouse,WH-NSW,SKU-00005,24.3,52.2,8.9,0.673282932081567,Unexplained inventory drop
2026-01-16,Warehouse,WH-QLD,SKU-00013,76.8,904.0,1.8,0.6732366032553302,Unexplained inventory drop
2026-07-07,Warehouse,WH-NSW,SKU-00005,63.0,0.0,23.1,0.6731225665806096,Unexplained inventory build-up
2025-07-18,Warehouse,WH-NSW,SKU-00021,51.7,51.7,16.5,0.6730843057224968,Unexplained inventory drop
2025-07-04,Warehouse,WH-NSW,SKU-00014,624.9,0.0,18.1,0.6730354733567188,Unexplained inventory drop
2025-07-11,Warehouse,WH-WA,SKU-00004,111.3,0.0,24.4,0.6724472515829295,Unexplained inventory drop
2025-07-25,Warehouse,WH-NSW,SKU-00016,56.2,81.3,11.1,0.6716391922752554,Unexplained inventory drop
2025-07-11,Warehouse,WH-WA,SKU-00011,137.1,0.0,29.2,0.671413988281067,Unexplained inventory drop
2026-07-31,Warehouse,WH-NSW,SKU-00010,276.3,0.0,26.7,0.671085877636732,Unexplained inventory build-up
2026-07-06,Warehouse,WH-VIC,SKU-00004,377.2,316.0,20.9,0.6709582083402775,Unexplained inventory build-up
2025-07-04,Warehouse,WH-WA,SKU-00004,141.3,0.0,31.0,0.6705785774204004,Unexplained inventory drop
2025-06-27,Warehouse,WH-QLD,SKU-00001,484.8,0.0,25.3,0.6699396447115332,Abnormal stock position
2026-07-31,Warehouse,WH-NSW,SKU-00018,561.0,0.0,22.7,0.6694392664419625,Unexplained inventory build-up
2025-07-18,Warehouse,WH-NSW,SKU-00004,103.5,90.1,18.3,0.6694234321286557,Unexplained inventory drop
2025-07-18,Warehouse,WH-WA,SKU-00005,54.2,66.3,12.6,0.6693748912439956,Unexplained inventory drop
2025-06-27,Warehouse,WH-WA,SKU-00020,234.2,0.0,31.2,0.6688848799409525,Abnormal stock position
2025-07-04,Warehouse,WH-WA,SKU-00011,165.1,0.0,35.2,0.6675718207588449,Unexplained inventory drop
2025-11-14,Warehouse,WH-VIC,SKU-00024,0.0,713.0,0.0,0.6667586688782481,Abnormal stock position
2026-07-31,Warehouse,WH-VIC,SKU-00016,133.2,0.0,29.5,0.6667522766576972,Unexplained inventory build-up
2025-07-18,Warehouse,WH-WA,SKU-00010,138.5,137.9,15.5,0.6667067424315919,Unexplained inventory drop
2025-07-25,Warehouse,WH-VIC,SKU-00020,176.4,262.6,10.9,0.666352862601971,Unexplained inventory drop
2025-07-04,Warehouse,WH-VIC,SKU-00001,563.7,0.0,20.2,0.6653745374160697,Unexplained inventory drop
2026-07-31,Warehouse,WH-VIC,SKU-00013,609.9,0.0,22.4,0.6648699107125463,Unexplained inventory build-up
2026-07-31,Warehouse,WH-NSW,SKU-00006,281.5,0.0,20.8,0.6647079146089703,Unexplained inventory build-up
2025-11-07,Warehouse,WH-QLD,SKU-00013,585.8,395.0,13.4,0.664660219887354,Unexplained inventory build-up
2025-07-04,Warehouse,WH-QLD,SKU-00010,280.6,221.1,20.4,0.6645541925211115,Unexplained inventory drop
2025-06-27,Warehouse,WH-VIC,SKU-00016,146.8,0.0,32.5,0.6643081856311187,Abnormal stock position
2025-12-12,Warehouse,WH-VIC,SKU-00004,388.2,263.0,21.5,0.6642066573495983,Unexplained inventory build-up
2025-07-25,Warehouse,WH-WA,SKU-00011,53.1,74.7,11.3,0.6640428975887995,Unexplained inventory drop
2025-07-18,Warehouse,WH-VIC,SKU-00018,215.0,411.8,6.9,0.6639012934582855,Unexplained inventory drop
2026-03-27,Warehouse,WH-QLD,SKU-00013,0.0,806.0,0.0,0.662702747302803,Unexplained inventory drop
2025-12-26,Warehouse,WH-VIC,SKU-00007,0.0,645.4,0.0,0.6623222660760265,Unexplained inventory drop
2025-06-27,Warehouse,WH-NSW,SKU-00013,428.2,0.0,25.3,0.6617050403084496,Abnormal stock position
2025-07-04,Warehouse,WH-VIC,SKU-00016,110.0,0.0,24.4,0.6614430001319218,Unexplained inventory drop
2026-05-29,Warehouse,WH-VIC,SKU-00010,7.3,577.0,0.4,0.6612722684702688,Unexplained inventory drop
2025-07-04,Warehouse,WH-QLD,SKU-00023,590.5,0.0,18.3,0.661177070943542,Unexplained inventory drop
2026-07-31,Warehouse,WH-VIC,SKU-00018,626.8,0.0,20.2,0.6611598643662547,Unexplained inventory build-up
2025-06-27,Warehouse,WH-QLD,SKU-00004,309.1,0.0,29.4,0.6607171196498541,Abnormal stock position
2026-02-20,Warehouse,WH-QLD,SKU-00007,0.0,698.7,0.0,0.6602998245416672,Unexplained inventory drop
2026-07-31,Warehouse,WH-NSW,SKU-00007,501.3,0.0,22.4,0.660275645231113,Unexplained inventory build-up
2026-07-15,Warehouse,WH-VIC,SKU-00002,651.0,433.0,14.4,0.6602328262938769,Unexplained inventory build-up
2025-07-25,Warehouse,WH-NSW,SKU-00020,143.0,242.1,10.3,0.6598912720164757,Unexplained inventory drop
2026-01-02,Warehouse,WH-QLD,SKU-00023,0.0,645.9,0.0,0.6598152563229202,Unexplained inventory drop
2025-06-27,Warehouse,WH-VIC,SKU-00005,127.3,0.0,30.9,0.6585123762699182,Abnormal stock position
2026-03-27,Warehouse,WH-QLD,SKU-00020,0.0,643.0,0.0,0.6584166661077748,Unexplained inventory drop
2025-07-04,Warehouse,WH-QLD,SKU-00011,176.7,0.0,30.9,0.6580575731356648,Unexplained inventory drop
2025-07-25,Warehouse,WH-QLD,SKU-00016,163.1,259.1,10.3,0.6580481443996441,Unexplained inventory drop
2026-07-31,Warehouse,WH-QLD,SKU-00004,268.2,0.0,25.5,0.6579550369805988,Unexplained inventory build-up
2025-07-11,Warehouse,WH-NSW,SKU-00002,499.5,341.7,14.3,0.6576947141718296,Unexplained inventory drop
2026-01-02,Warehouse,WH-VIC,SKU-00010,0.0,548.1,0.0,0.6574392608509363,Unexplained inventory drop
2025-07-18,Warehouse,WH-QLD,SKU-00021,124.9,126.1,14.5,0.6573238483982935,Unexplained inventory drop
2025-07-18,Warehouse,WH-WA,SKU-00004,87.3,69.7,19.2,0.6568790073068732,Unexplained inventory drop
2026-07-30,Warehouse,WH-NSW,SKU-00005,56.5,0.0,20.7,0.6567864414525766,Unexplained inventory build-up
2025-07-11,Warehouse,WH-QLD,SKU-00011,151.7,0.0,26.5,0.6560148630816126,Unexplained inventory drop
2025-07-04,Warehouse,WH-VIC,SKU-00005,94.1,57.5,22.8,0.6555727054693369,Unexplained inventory drop
2026-07-31,Warehouse,WH-VIC,SKU-00002,902.0,0.0,20.0,0.6555389265519411,Unexplained inventory build-up
2025-10-31,Warehouse,WH-QLD,SKU-00013,128.8,852.0,2.9,0.6553523306684466,Unexplained inventory drop
2025-07-11,Warehouse,WH-VIC,SKU-00018,468.0,0.0,15.1,0.655294091599431,Unexplained inventory drop
2026-07-31,Warehouse,WH-WA,SKU-00005,111.4,0.0,25.9,0.6552677102707936,Unexplained inventory build-up
2026-04-10,Warehouse,WH-QLD,SKU-00017,-0.0,814.0,-0.0,0.6552418021197,Unexplained inventory drop
2025-08-29,Warehouse,WH-VIC,SKU-00021,9.2,301.0,1.0,0.6547256081966034,Unexplained inventory drop
2025-07-04,Warehouse,WH-QLD,SKU-00004,225.6,159.6,21.4,0.6543619210169234,Unexplained inventory drop
2025-07-04,Warehouse,WH-VIC,SKU-00007,551.4,0.0,19.1,0.6543246170682867,Unexplained inventory drop
2025-06-27,Warehouse,WH-QLD,SKU-00008,754.8,0.0,18.8,0.6538781983624893,Abnormal stock position
2025-11-21,Warehouse,WH-VIC,SKU-00024,395.3,322.2,12.0,0.6531521341601173,Unexplained inventory build-up
2025-06-27,Warehouse,WH-NSW,SKU-00005,88.4,0.0,32.3,0.6528966868213624,Abnormal stock position
2026-02-27,Warehouse,WH-NSW,SKU-00023,0.0,628.9,0.0,0.6528405722822241,Unexplained inventory drop
2025-07-11,Warehouse,WH-VIC,SKU-00010,304.7,295.6,16.5,0.6527684858861151,Unexplained inventory drop
2025-07-04,Warehouse,WH-WA,SKU-00018,423.5,0.0,20.6,0.6519516371343584,Unexplained inventory drop
2025-07-18,Warehouse,WH-VIC,SKU-00021,100.2,142.1,10.4,0.6518525122326904,Unexplained inventory drop
2026-07-28,Warehouse,WH-QLD,SKU-00008,643.3,0.0,16.0,0.6517498811092262,Unexplained inventory build-up
2025-07-04,Warehouse,WH-NSW,SKU-00018,457.7,0.0,18.5,0.6513431297923068,Unexplained inventory drop
2025-07-11,Warehouse,WH-VIC,SKU-00005,58.1,57.5,14.1,0.6512906403822446,Unexplained inventory drop
2025-09-26,Warehouse,WH-NSW,SKU-00021,67.4,0.0,21.5,0.6512603455705347,Unexplained inventory build-up
2025-07-25,Warehouse,WH-WA,SKU-00021,43.0,218.7,6.0,0.6511133704796076,Unexplained inventory drop
2026-07-31,Warehouse,WH-QLD,SKU-00006,373.9,0.0,20.8,0.6510514026640164,Unexplained inventory build-up
2026-07-26,Warehouse,WH-VIC,SKU-00002,650.0,434.0,14.4,0.6510102876241909,Abnormal stock position
2025-10-17,Warehouse,WH-QLD,SKU-00007,7.4,730.0,0.2,0.6510002336232734,Unexplained inventory drop
2025-07-18,Warehouse,WH-QLD,SKU-00005,89.8,126.2,10.0,0.6508236402661131,Unexplained inventory drop
2025-07-18,Warehouse,WH-WA,SKU-00021,117.0,113.7,16.5,0.6506926172083984,Unexplained inventory drop
2025-07-04,Warehouse,WH-VIC,SKU-00008,515.4,0.0,16.9,0.6505912821014989,Unexplained inventory drop
2026-07-05,Warehouse,WH-VIC,SKU-00002,642.0,442.0,14.2,0.6505674815309372,Abnormal stock position
2025-07-18,Warehouse,WH-QLD,SKU-00011,101.7,83.9,17.8,0.6504882124101643,Unexplained inventory drop
2025-06-27,Warehouse,WH-NSW,SKU-00001,360.3,0.0,24.8,0.6503075406672961,Abnormal stock position
2025-07-04,Warehouse,WH-VIC,SKU-00023,398.7,0.0,23.0,0.6502516578726624,Abnormal stock position
2025-06-27,Warehouse,WH-VIC,SKU-00023,398.7,0.0,23.0,0.6502516578726624,Abnormal stock position
2025-07-25,Warehouse,WH-VIC,SKU-00011,81.4,154.3,9.2,0.6499326695501397,Unexplained inventory drop
2025-06-27,Warehouse,WH-VIC,SKU-00024,633.1,0.0,19.3,0.6496896317077596,Abnormal stock position
2026-02-06,Warehouse,WH-VIC,SKU-00020,333.0,248.0,20.6,0.6493513982389809,Unexplained inventory build-up
2025-06-27,Warehouse,WH-WA,SKU-00013,452.2,0.0,21.4,0.6493102656463243,Abnormal stock position
2026-07-23,Warehouse,WH-VIC,SKU-00010,328.3,281.0,17.8,0.6486892025300923,Unexplained inventory build-up
2025-07-11,Warehouse,WH-QLD,SKU-00004,138.6,159.6,13.2,0.6483338368739182,Unexplained inventory drop
2025-07-04,Warehouse,WH-QLD,SKU-00018,502.4,0.0,16.8,0.6482363453634529,Unexplained inventory drop
2026-07-31,Warehouse,WH-QLD,SKU-00018,598.4,0.0,20.0,0.6478036184610069,Unexplained inventory build-up
2026-07-31,Warehouse,WH-WA,SKU-00013,474.2,0.0,22.4,0.647570673284459,Unexplained inventory build-up
2026-06-12,Warehouse,WH-VIC,SKU-00004,0.0,609.0,0.0,0.64745903882336,Unexplained inventory drop
2025-07-25,Warehouse,WH-NSW,SKU-00011,59.7,216.1,8.0,0.6470770082989112,Unexplained inventory drop
2026-07-31,Warehouse,WH-WA,SKU-00014,323.8,0.0,24.0,0.6469138155447471,Unexplained inventory build-up
2025-07-11,Warehouse,WH-WA,SKU-00020,143.0,119.3,19.1,0.6468475902604687,Unexplained inventory drop
2025-07-25,Warehouse,WH-VIC,SKU-00002,525.0,479.0,11.6,0.6463775000787019,Unexplained inventory build-up
2025-07-18,Warehouse,WH-VIC,SKU-00010,152.7,295.6,8.3,0.6461842294655394,Unexplained inventory drop
2026-03-06,Warehouse,WH-NSW,SKU-00002,20.2,681.0,0.6,0.6460296678503205,Unexplained inventory drop
2025-07-11,Warehouse,WH-QLD,SKU-00005,167.8,126.2,18.7,0.6459441620238594,Unexplained inventory drop
2025-07-18,Warehouse,WH-VIC,SKU-00005,19.1,132.5,4.6,0.6459084263783299,Unexplained inventory drop
2026-07-05,Warehouse,WH-VIC,SKU-00011,197.7,128.0,22.3,0.64575026064389,Unexplained inventory build-up
2025-10-24,Warehouse,WH-QLD,SKU-00013,596.8,384.0,13.6,0.6455375350804701,Unexplained inventory build-up
2026-07-29,Warehouse,WH-QLD,SKU-00016,311.2,246.0,19.7,0.6455116783658071,Unexplained inventory build-up
2026-02-20,Warehouse,WH-NSW,SKU-00005,58.0,0.0,21.2,0.6451386847585157,Unexplained inventory build-up
2025-07-04,Warehouse,WH-VIC,SKU-00017,378.0,0.0,23.4,0.6450915071104701,Abnormal stock position
2025-06-27,Warehouse,WH-VIC,SKU-00017,378.0,0.0,23.4,0.6450915071104701,Abnormal stock position
2025-12-05,Warehouse,WH-QLD,SKU-00023,0.0,586.0,0.0,0.6449839898570149,Unexplained inventory drop
2026-05-01,Warehouse,WH-VIC,SKU-00002,650.0,434.0,14.4,0.6447906150131958,Unexplained inventory build-up
2025-07-04,Warehouse,WH-WA,SKU-00020,205.0,0.0,27.3,0.6447815646181808,Unexplained inventory drop
2025-06-27,Warehouse,WH-QLD,SKU-00013,756.4,0.0,17.3,0.6447730713056301,Abnormal stock position
2026-01-02,Warehouse,WH-QLD,SKU-00008,19.3,943.0,0.5,0.6447255730611889,Unexplained inventory drop
2025-07-11,Warehouse,WH-VIC,SKU-00013,499.6,0.0,18.4,0.6444489604617398,Unexplained inventory drop
2026-07-08,Warehouse,WH-VIC,SKU-00010,317.3,305.0,17.2,0.6443406366213073,Unexplained inventory build-up
2026-03-06,Warehouse,WH-QLD,SKU-00013,558.8,422.0,12.8,0.6440644894287212,Unexplained inventory build-up
2025-07-25,Warehouse,WH-WA,SKU-00004,47.3,69.7,10.4,0.6437775732877448,Unexplained inventory drop
2025-07-04,Warehouse,WH-QLD,SKU-00001,411.6,0.0,21.5,0.643726476459788,Unexplained inventory drop
2026-03-06,Warehouse,WH-VIC,SKU-00002,54.0,1030.0,1.2,0.6434899722127971,Unexplained inventory drop
2026-06-05,Warehouse,WH-VIC,SKU-00004,84.2,609.0,4.7,0.6432960284981817,Unexplained inventory drop
2025-07-25,Warehouse,WH-VIC,SKU-00016,98.2,75.0,21.8,0.6432882497065254,Unexplained inventory build-up
2026-07-30,Warehouse,WH-VIC,SKU-00002,563.0,434.0,12.5,0.642990911812827,Abnormal stock position
2026-03-20,Warehouse,WH-NSW,SKU-00002,48.2,675.0,1.4,0.6429199522589734,Unexplained inventory drop
2025-08-22,Warehouse,WH-QLD,SKU-00020,28.6,625.0,1.6,0.6429044763854704,Unexplained inventory drop
2026-01-30,Warehouse,WH-NSW,SKU-00002,23.2,733.0,0.7,0.6423015742628825,Unexplained inventory drop
2025-07-25,Warehouse,WH-VIC,SKU-00004,178.5,293.7,9.9,0.6420461420543802,Unexplained inventory drop
2026-07-07,Warehouse,WH-VIC,SKU-00005,78.6,73.0,19.1,0.6420167305164433,Unexplained inventory build-up
2026-07-02,Warehouse,WH-WA,SKU-00020,175.3,125.0,23.3,0.6419128221058662,Unexplained inventory build-up
2025-08-22,Warehouse,WH-QLD,SKU-00008,82.3,783.0,2.1,0.641300587080271,Unexplained inventory drop
2026-07-13,Warehouse,WH-QLD,SKU-00013,558.8,422.0,12.8,0.6411743045891103,Abnormal stock position
2026-07-13,Warehouse,WH-NSW,SKU-00010,185.0,152.0,17.9,0.6410343474889065,Unexplained inventory build-up
2026-03-27,Warehouse,WH-VIC,SKU-00008,28.8,702.0,0.9,0.6408784355584288,Unexplained inventory drop
2025-09-05,Warehouse,WH-VIC,SKU-00002,670.0,414.0,14.8,0.6404788075090154,Unexplained inventory build-up
2025-06-27,Warehouse,WH-QLD,SKU-00006,394.0,0.0,21.9,0.6404556426621826,Abnormal stock position
2025-07-25,Warehouse,WH-WA,SKU-00010,59.5,272.9,6.7,0.6403440838336173,Unexplained inventory drop
2026-07-17,Warehouse,WH-VIC,SKU-00002,651.0,433.0,14.4,0.6402732862789545,Abnormal stock position
2026-07-17,Warehouse,WH-QLD,SKU-00023,598.4,0.0,18.5,0.6394297106664465,Unexplained inventory build-up
2025-07-25,Warehouse,WH-NSW,SKU-00004,61.5,90.1,10.9,0.6394200128013398,Unexplained inventory drop
2026-07-22,Warehouse,WH-VIC,SKU-00005,82.6,69.0,20.1,0.6391917039982498,Unexplained inventory build-up
2026-07-03,Warehouse,WH-VIC,SKU-00002,733.0,0.0,16.2,0.6391405445644888,Unexplained inventory build-up
2025-07-11,Warehouse,WH-QLD,SKU-00007,511.1,0.0,14.1,0.6390239616669173,Unexplained inventory drop
2026-07-16,Warehouse,WH-VIC,SKU-00002,651.0,433.0,14.4,0.6389687965630642,Abnormal stock position
2025-07-18,Warehouse,WH-QLD,SKU-00013,560.8,420.0,12.8,0.6389331229134388,Unexplained inventory drop
2026-07-17,Warehouse,WH-QLD,SKU-00020,352.6,301.0,19.4,0.6388386015559011,Unexplained inventory build-up
2026-07-13,Warehouse,WH-QLD,SKU-00011,120.7,90.0,21.1,0.6387634894202212,Unexplained inventory build-up
2025-06-27,Warehouse,WH-NSW,SKU-00006,313.1,0.0,23.1,0.6387041498102395,Abnormal stock position
2025-10-03,Warehouse,WH-VIC,SKU-00004,67.2,626.0,3.7,0.6387018228162159,Unexplained inventory drop
2025-06-27,Warehouse,WH-WA,SKU-00014,312.0,0.0,23.1,0.6385329146344858,Abnormal stock position
2026-01-09,Warehouse,WH-WA,SKU-00001,0.0,363.2,0.0,0.6385193350510643,Unexplained inventory drop
2026-01-23,Warehouse,WH-VIC,SKU-00020,11.0,572.0,0.7,0.6379318115486191,Unexplained inventory drop
2025-08-08,Warehouse,WH-VIC,SKU-00010,361.3,309.0,19.6,0.6372337788721354,Unexplained inventory build-up
2026-07-06,Warehouse,WH-QLD,SKU-00008,547.3,415.0,13.6,0.6371063668062872,Unexplained inventory build-up
2025-11-07,Warehouse,WH-VIC,SKU-00002,624.0,460.0,13.8,0.636946622306038,Unexplained inventory build-up
2026-07-27,Warehouse,WH-VIC,SKU-00007,527.4,0.0,18.3,0.6367573494983345,Unexplained inventory build-up
2026-05-08,Warehouse,WH-QLD,SKU-00017,611.1,0.0,15.1,0.6363768030688626,Unexplained inventory build-up
2026-07-29,Warehouse,WH-QLD,SKU-00008,555.3,407.0,13.8,0.6361423125104617,Abnormal stock position
2026-07-22,Warehouse,WH-QLD,SKU-00013,739.8,0.0,16.9,0.6361331456548708,Unexplained inventory build-up
2026-07-31,Warehouse,WH-WA,SKU-00001,426.8,0.0,22.4,0.635898340823576,Unexplained inventory build-up
2025-07-04,Warehouse,WH-NSW,SKU-00013,362.4,0.0,21.4,0.6358590104101848,Unexplained inventory drop
2025-12-05,Warehouse,WH-VIC,SKU-00002,534.0,550.0,11.8,0.6356308715447389,Unexplained inventory build-up
2026-07-31,Warehouse,WH-QLD,SKU-00013,812.8,0.0,18.6,0.6356020711947485,Unexplained inventory build-up
2025-07-04,Warehouse,WH-VIC,SKU-00014,475.5,0.0,16.9,0.635544289624851,Unexplained inventory drop
2025-07-25,Warehouse,WH-WA,SKU-00016,41.3,60.2,12.4,0.6354312412582123,Unexplained inventory drop
2026-07-09,Warehouse,WH-VIC,SKU-00007,523.4,0.0,18.2,0.6351262222637791,Unexplained inventory build-up
2026-04-03,Warehouse,WH-QLD,SKU-00007,424.4,390.0,11.7,0.6350883720761352,Unexplained inventory build-up
2026-07-27,Warehouse,WH-VIC,SKU-00002,563.0,434.0,12.5,0.6349480577865967,Abnormal stock position
2026-07-09,Warehouse,WH-VIC,SKU-00002,550.0,442.0,12.2,0.6349388076951744,Abnormal stock position
2025-08-15,Warehouse,WH-VIC,SKU-00002,651.0,433.0,14.4,0.6346604698875238,Unexplained inventory build-up
2026-07-23,Warehouse,WH-VIC,SKU-00001,523.6,0.0,18.7,0.6346084176855392,Unexplained inventory build-up
2025-11-14,Warehouse,WH-VIC,SKU-00002,186.0,898.0,4.1,0.6344592815936433,Unexplained inventory drop
2026-01-23,Warehouse,WH-NSW,SKU-00017,0.0,296.6,0.0,0.6342830048672307,Unexplained inventory drop
2025-12-26,Warehouse,WH-VIC,SKU-00013,0.0,588.0,0.0,0.6342072198951461,Unexplained inventory drop
2026-07-22,Warehouse,WH-VIC,SKU-00004,323.2,295.0,17.9,0.634203092627756,Unexplained inventory build-up
2025-12-12,Warehouse,WH-VIC,SKU-00002,99.0,985.0,2.2,0.6340468289772861,Unexplained inventory drop
2026-01-30,Warehouse,WH-QLD,SKU-00010,292.7,236.0,21.3,0.6339629580034343,Unexplained inventory build-up
2025-07-11,Warehouse,WH-NSW,SKU-00014,410.9,344.7,11.9,0.6335204213108065,Unexplained inventory drop
2025-09-05,Warehouse,WH-WA,SKU-00020,184.3,116.0,24.5,0.633497791396702,Unexplained inventory build-up
2026-07-25,Warehouse,WH-QLD,SKU-00013,562.8,418.0,12.9,0.6326203295402959,Abnormal stock position
2026-01-09,Warehouse,WH-QLD,SKU-00013,536.8,444.0,12.3,0.6324907011979745,Abnormal stock position
2026-07-16,Warehouse,WH-VIC,SKU-00017,361.7,0.0,22.4,0.6323950789111376,Unexplained inventory build-up
2026-05-15,Warehouse,WH-NSW,SKU-00014,137.6,690.0,4.0,0.632269938088061,Unexplained inventory drop
2026-07-20,Warehouse,WH-WA,SKU-00020,149.3,122.0,19.9,0.6322457252739759,Unexplained inventory build-up
2025-12-12,Warehouse,WH-VIC,SKU-00008,41.8,689.0,1.4,0.6321960897360641,Unexplained inventory drop
2025-12-05,Warehouse,WH-QLD,SKU-00001,0.0,387.6,0.0,0.6321624336643797,Unexplained inventory drop
2026-07-19,Warehouse,WH-VIC,SKU-00020,290.0,255.0,18.0,0.6319674256707496,Unexplained inventory build-up
2026-06-12,Warehouse,WH-VIC,SKU-00010,11.3,559.0,0.6,0.6318437141870071,Unexplained inventory drop
2025-07-18,Warehouse,WH-NSW,SKU-00002,259.5,341.7,7.4,0.631747853813946,Unexplained inventory drop
2025-07-11,Warehouse,WH-QLD,SKU-00002,369.0,0.0,15.4,0.6315841523821377,Unexplained inventory drop
2025-11-28,Warehouse,WH-VIC,SKU-00024,135.3,653.2,4.1,0.6312966516771185,Unexplained inventory drop
2026-05-29,Warehouse,WH-QLD,SKU-00010,0.0,422.0,0.0,0.6311155915155824,Unexplained inventory drop
2026-03-20,Warehouse,WH-NSW,SKU-00014,46.5,781.1,1.3,0.631007207664655,Unexplained inventory drop
2025-07-25,Warehouse,WH-VIC,SKU-00018,510.8,0.0,16.5,0.6308203914505127,Unexplained inventory build-up
2025-07-18,Warehouse,WH-QLD,SKU-00017,393.4,352.7,9.7,0.6305783996049183,Unexplained inventory drop
2026-02-20,Warehouse,WH-NSW,SKU-00021,72.4,0.0,23.1,0.6305308750589148,Unexplained inventory build-up
2026-07-03,Warehouse,WH-WA,SKU-00020,168.3,125.0,22.4,0.6304760869413425,Abnormal stock position
2026-07-29,Warehouse,WH-VIC,SKU-00008,487.8,0.0,16.0,0.6303911686334357,Unexplained inventory build-up
2026-07-31,Warehouse,WH-WA,SKU-00021,161.6,100.1,22.7,0.6303811219621724,Unexplained inventory build-up
2026-07-30,Warehouse,WH-VIC,SKU-00016,84.2,67.0,18.7,0.6303806220062265,Unexplained inventory build-up
2026-07-03,Warehouse,WH-NSW,SKU-00020,270.2,214.0,19.5,0.6303469831398354,Unexplained inventory build-up
2026-02-20,Warehouse,WH-QLD,SKU-00016,326.2,256.0,20.6,0.6302948574772135,Unexplained inventory build-up
2026-07-06,Warehouse,WH-VIC,SKU-00002,550.0,442.0,12.2,0.6301997642784463,Abnormal stock position
2026-07-24,Warehouse,WH-VIC,SKU-00002,738.0,0.0,16.3,0.6301739629765676,Unexplained inventory build-up
2025-08-01,Warehouse,WH-QLD,SKU-00016,291.2,250.0,18.4,0.6301722457664611,Unexplained inventory build-up
2025-07-25,Warehouse,WH-QLD,SKU-00011,74.7,83.9,13.1,0.6300165289208294,Unexplained inventory drop
2025-08-08,Warehouse,WH-QLD,SKU-00020,343.6,308.0,18.9,0.6299616848465186,Unexplained inventory build-up
2026-07-04,Warehouse,WH-QLD,SKU-00010,265.7,206.0,19.3,0.6297973481919489,Unexplained inventory build-up
2026-07-31,Warehouse,WH-QLD,SKU-00022,145.3,0.0,20.8,0.6296723706265708,Unexplained inventory build-up
2026-07-18,Warehouse,WH-NSW,SKU-00014,562.6,0.0,16.3,0.629354593283322,Unexplained inventory build-up
2026-07-18,Warehouse,WH-QLD,SKU-00008,482.3,480.0,12.0,0.6292850301807376,Unexplained inventory drop
2026-07-31,Warehouse,WH-QLD,SKU-00014,231.5,0.0,24.0,0.6291252715010813,Unexplained inventory build-up
2026-07-29,Warehouse,WH-WA,SKU-00016,61.5,52.0,18.5,0.6290965618816867,Unexplained inventory build-up
2026-07-18,Warehouse,WH-NSW,SKU-00020,267.2,219.0,19.3,0.6285981343676723,Unexplained inventory build-up
2025-11-28,Warehouse,WH-QLD,SKU-00018,33.4,686.0,1.1,0.6284656014547508,Unexplained inventory drop
2026-02-27,Warehouse,WH-VIC,SKU-00002,500.0,584.0,11.1,0.62800957927776,Abnormal stock position
2026-07-26,Warehouse,WH-VIC,SKU-00001,523.6,0.0,18.7,0.6279455697204435,Abnormal stock position
2025-11-21,Warehouse,WH-QLD,SKU-00008,78.3,884.0,2.0,0.6279374295789393,Unexplained inventory drop
2026-07-16,Warehouse,WH-QLD,SKU-00010,276.7,226.0,20.1,0.6276461436304155,Unexplained inventory build-up
2025-07-25,Warehouse,WH-NSW,SKU-00010,120.5,157.8,11.6,0.6276372172687464,Unexplained inventory drop
2025-10-03,Warehouse,WH-QLD,SKU-00020,94.6,595.0,5.2,0.6275470313981819,Unexplained inventory drop
2025-06-27,Warehouse,WH-WA,SKU-00024,120.7,0.0,25.6,0.6268655270171353,Abnormal stock position
2025-11-14,Warehouse,WH-VIC,SKU-00020,13.0,529.0,0.8,0.6264521958675328,Unexplained inventory drop
2026-06-26,Warehouse,WH-VIC,SKU-00004,311.2,273.0,17.2,0.6263355184184397,Unexplained inventory build-up
2025-12-12,Warehouse,WH-VIC,SKU-00020,308.0,266.0,19.1,0.6259928988596036,Unexplained inventory build-up
2025-06-27,Warehouse,WH-VIC,SKU-00022,188.5,0.0,22.4,0.6259910817582521,Abnormal stock position
2026-06-26,Warehouse,WH-QLD,SKU-00008,569.3,393.0,14.2,0.6257860252473072,Unexplained inventory build-up
2025-11-07,Warehouse,WH-WA,SKU-00020,172.3,121.0,22.9,0.6256899038184662,Unexplained inventory build-up
2026-07-30,Warehouse,WH-VIC,SKU-00007,527.4,0.0,18.3,0.6256776266737167,Abnormal stock position
2026-07-31,Warehouse,WH-VIC,SKU-00007,527.4,0.0,18.3,0.6256776266737167,Abnormal stock position
2025-07-11,Warehouse,WH-QLD,SKU-00010,200.6,221.1,14.6,0.6255004179911977,Unexplained inventory drop
2026-07-15,Warehouse,WH-QLD,SKU-00017,666.1,0.0,16.5,0.625411191315549,Unexplained inventory build-up
2025-06-27,Warehouse,WH-WA,SKU-00002,110.3,0.0,25.4,0.6251697483945505,Abnormal stock position
2025-12-12,Warehouse,WH-NSW,SKU-00014,130.6,697.0,3.8,0.6251231159641305,Unexplained inventory drop
2025-10-17,Warehouse,WH-VIC,SKU-00002,195.0,889.0,4.3,0.6250795861476502,Unexplained inventory drop
2025-08-08,Warehouse,WH-VIC,SKU-00005,86.6,65.0,21.0,0.6249529865114473,Unexplained inventory build-up
2026-02-20,Warehouse,WH-WA,SKU-00018,0.0,445.6,0.0,0.6248313172633703,Unexplained inventory drop
2026-07-15,Warehouse,WH-QLD,SKU-00007,607.4,0.0,16.7,0.6246836287743546,Abnormal stock position
2025-07-04,Warehouse,WH-QLD,SKU-00008,492.9,366.4,12.3,0.6245077194616785,Unexplained inventory drop
2026-07-26,Warehouse,WH-QLD,SKU-00013,562.8,418.0,12.9,0.6243794943470107,Abnormal stock position
2026-07-29,Warehouse,WH-VIC,SKU-00002,563.0,434.0,12.5,0.624371757983916,Abnormal stock position
2026-06-05,Warehouse,WH-VIC,SKU-00002,493.0,518.0,10.9,0.6242846130720888,Unexplained inventory build-up
2026-07-04,Warehouse,WH-VIC,SKU-00020,281.0,271.0,17.4,0.6241874884651997,Unexplained inventory build-up
2025-07-04,Warehouse,WH-QLD,SKU-00006,195.1,141.8,10.9,0.6241453831679872,Unexplained inventory drop
2026-01-30,Warehouse,WH-VIC,SKU-00017,0.0,361.7,0.0,0.6241370330313007,Unexplained inventory drop
2025-07-11,Warehouse,WH-QLD,SKU-00013,720.8,0.0,16.5,0.623962279615977,Unexplained inventory build-up
2026-07-15,Warehouse,WH-QLD,SKU-00008,639.3,0.0,15.9,0.6238554277945141,Unexplained inventory build-up
2026-07-08,Warehouse,WH-VIC,SKU-00008,446.8,284.0,14.7,0.6238518812764561,Unexplained inventory build-up
2026-07-03,Warehouse,WH-NSW,SKU-00011,136.8,109.0,18.3,0.6238270856858908,Unexplained inventory build-up
2025-11-28,Warehouse,WH-QLD,SKU-00020,112.6,582.0,6.2,0.6237980811780033,Unexplained inventory drop
2025-11-21,Warehouse,WH-VIC,SKU-00016,103.2,70.0,22.9,0.6235856731884588,Unexplained inventory build-up
2025-07-18,Warehouse,WH-VIC,SKU-00016,46.0,88.2,10.2,0.6235759145550581,Unexplained inventory drop
2026-04-10,Warehouse,WH-VIC,SKU-00002,540.0,544.0,12.0,0.623505747591348,Unexplained inventory build-up
2026-07-08,Warehouse,WH-QLD,SKU-00004,207.2,174.0,19.7,0.6234094314881864,Unexplained inventory build-up
2026-01-09,Warehouse,WH-VIC,SKU-00002,548.0,459.0,12.1,0.6233900950813609,Unexplained inventory build-up
2026-07-20,Warehouse,WH-NSW,SKU-00004,103.6,92.0,18.4,0.6233610687955694,Unexplained inventory build-up
2025-12-19,Warehouse,WH-QLD,SKU-00013,409.2,571.6,9.3,0.6233557554978035,Unexplained inventory build-up
2026-07-16,Warehouse,WH-VIC,SKU-00016,80.2,75.0,17.8,0.6231551401927737,Unexplained inventory build-up
2025-07-04,Warehouse,WH-NSW,SKU-00001,304.8,0.0,20.9,0.6231433269043997,Unexplained inventory drop
2025-07-25,Warehouse,WH-NSW,SKU-00021,39.7,51.7,12.7,0.6228719429126454,Unexplained inventory drop
2026-03-06,Warehouse,WH-NSW,SKU-00005,0.0,53.2,0.0,0.6228291682468341,Unexplained inventory drop
2026-07-30,Warehouse,WH-QLD,SKU-00017,586.1,0.0,14.5,0.6227049757138673,Unexplained inventory build-up
2025-07-11,Warehouse,WH-QLD,SKU-00008,508.3,454.0,12.7,0.6225234932430191,Abnormal stock position
2026-07-20,Warehouse,WH-WA,SKU-00004,98.1,71.0,21.5,0.622477425996355,Unexplained inventory build-up
2025-06-27,Warehouse,WH-NSW,SKU-00024,435.2,0.0,19.8,0.6223044524533062,Abnormal stock position
2026-07-22,Warehouse,WH-WA,SKU-00004,98.1,71.0,21.5,0.6222899679278484,Abnormal stock position
2025-07-25,Warehouse,WH-VIC,SKU-00001,523.6,0.0,18.7,0.6219640067290122,Unexplained inventory build-up
2025-07-04,Warehouse,WH-WA,SKU-00002,75.8,0.0,17.5,0.6219594932414548,Unexplained inventory drop
2026-05-01,Warehouse,WH-QLD,SKU-00017,115.6,789.5,2.9,0.621909447622297,Unexplained inventory drop
2026-01-16,Warehouse,WH-WA,SKU-00011,-81.8,70.0,17.4,0.5721119033628062,Negative on-hand (data defect)
2025-09-05,Warehouse,WH-QLD,SKU-00012,-79.4,79.0,8.1,0.4350355223307824,Negative on-hand (data defect)
2026-04-24,Warehouse,WH-QLD,SKU-00003,-93.0,110.0,6.6,0.4298871473795542,Negative on-hand (data defect)
2025-12-12,Store,STR-05,SKU-00024,-66.2,72.0,4.1,0.4237691540485804,Negative on-hand (data defect)
2025-08-15,Store,STR-01,SKU-00024,-52.1,62.0,3.1,0.3968946449848152,Negative on-hand (data defect)
2026-04-24,Store,STR-02,SKU-00010,-23.1,18.0,4.8,0.389586706733771,Negative on-hand (data defect)
2026-07-25,Store,STR-08,SKU-00023,-45.4,35.0,4.8,0.38799114691339914,Negative on-hand (data defect)
2026-07-30,Store,STR-01,SKU-00018,-87.2,81.0,4.0,0.38554864133167566,Negative on-hand (data defect)
